{
  "concept_sequences": {
    "881102.TI": {
      "881101.TI": 0.25,
      "881104.TI": 0.25,
      "881103.TI": 0.25,
      "881105.TI": 0.25
    },
    "881105.TI": {
      "881101.TI": 0.25,
      "881104.TI": 0.25,
      "881103.TI": 0.25,
      "881102.TI": 0.25
    },
    "881101.TI": {
      "881104.TI": 0.25,
      "881103.TI": 0.25,
      "881102.TI": 0.25,
      "881105.TI": 0.25
    },
    "881104.TI": {
      "881101.TI": 0.25,
      "881103.TI": 0.25,
      "881102.TI": 0.25,
      "881105.TI": 0.25
    },
    "881103.TI": {
      "881101.TI": 0.25,
      "881104.TI": 0.25,
      "881102.TI": 0.25,
      "881105.TI": 0.25
    }
  },
  "duration_patterns": {
    "by_concept": {
      "881101.TI": {
        "mean": 44.0,
        "std": NaN,
        "max": 44,
        "min": 44
      },
      "881102.TI": {
        "mean": 44.0,
        "std": NaN,
        "max": 44,
        "min": 44
      },
      "881103.TI": {
        "mean": 44.0,
        "std": NaN,
        "max": 44,
        "min": 44
      },
      "881104.TI": {
        "mean": 44.0,
        "std": NaN,
        "max": 44,
        "min": 44
      },
      "881105.TI": {
        "mean": 44.0,
        "std": NaN,
        "max": 44,
        "min": 44
      }
    },
    "distribution": {
      "avg": 44.0,
      "std": 0.0,
      "median": 44.0,
      "quartiles": {
        "0.25": 44.0,
        "0.5": 44.0,
        "0.75": 44.0
      }
    }
  },
  "intensity_patterns": {
    "881101.TI": {
      "avg_score": 56.59090909090909,
      "avg_change": 0.27906976744186046,
      "volatility": 16.49000502670423,
      "peak_to_decay": {
        "peak_score": 70.0,
        "avg_decay_rate": -0.19455782312925168,
        "days_to_half": -1
      }
    },
    "881102.TI": {
      "avg_score": 52.86363636363637,
      "avg_change": -0.5581395348837209,
      "volatility": 12.354490846461642,
      "peak_to_decay": {
        "peak_score": 68.0,
        "avg_decay_rate": -0.2426470588235294,
        "days_to_half": -1
      }
    },
    "881103.TI": {
      "avg_score": 54.72727272727273,
      "avg_change": 0.4186046511627907,
      "volatility": 12.240122466979019,
      "peak_to_decay": {
        "peak_score": 70.0,
        "avg_decay_rate": -0.21127819548872181,
        "days_to_half": -1
      }
    },
    "881104.TI": {
      "avg_score": 53.63636363636363,
      "avg_change": 0.0,
      "volatility": 14.155597916759023,
      "peak_to_decay": {
        "peak_score": 68.0,
        "avg_decay_rate": -0.21664275466284075,
        "days_to_half": -1
      }
    },
    "881105.TI": {
      "avg_score": 52.86363636363637,
      "avg_change": -0.13953488372093023,
      "volatility": 12.339602130170043,
      "peak_to_decay": {
        "peak_score": 68.0,
        "avg_decay_rate": -0.22058823529411764,
        "days_to_half": -1
      }
    }
  },
  "market_context": {}
}