{
  "concept_sequences": {
    "881103.TI": {
      "881104.TI": 0.25,
      "881102.TI": 0.25,
      "881101.TI": 0.25,
      "881105.TI": 0.25
    },
    "881104.TI": {
      "881102.TI": 0.25,
      "881101.TI": 0.25,
      "881105.TI": 0.25,
      "881103.TI": 0.25
    },
    "881102.TI": {
      "881104.TI": 0.25,
      "881101.TI": 0.25,
      "881105.TI": 0.25,
      "881103.TI": 0.25
    },
    "881105.TI": {
      "881104.TI": 0.25,
      "881102.TI": 0.25,
      "881101.TI": 0.25,
      "881103.TI": 0.25
    },
    "881101.TI": {
      "881104.TI": 0.25,
      "881102.TI": 0.25,
      "881105.TI": 0.25,
      "881103.TI": 0.25
    }
  },
  "duration_patterns": {
    "by_concept": {
      "881101.TI": {
        "mean": 44.0,
        "std": NaN,
        "max": 44,
        "min": 44
      },
      "881102.TI": {
        "mean": 44.0,
        "std": NaN,
        "max": 44,
        "min": 44
      },
      "881103.TI": {
        "mean": 44.0,
        "std": NaN,
        "max": 44,
        "min": 44
      },
      "881104.TI": {
        "mean": 44.0,
        "std": NaN,
        "max": 44,
        "min": 44
      },
      "881105.TI": {
        "mean": 44.0,
        "std": NaN,
        "max": 44,
        "min": 44
      }
    },
    "distribution": {
      "avg": 44.0,
      "std": 0.0,
      "median": 44.0,
      "quartiles": {
        "0.25": 44.0,
        "0.5": 44.0,
        "0.75": 44.0
      }
    }
  },
  "intensity_patterns": {
    "881101.TI": {
      "avg_score": 55.09090909090909,
      "avg_change": 0.13953488372093023,
      "volatility": 13.672324140304884,
      "peak_to_decay": {
        "peak_score": 70.0,
        "avg_decay_rate": -0.21507936507936504,
        "days_to_half": -1
      }
    },
    "881102.TI": {
      "avg_score": 57.0,
      "avg_change": 0.4186046511627907,
      "volatility": 12.735837247216882,
      "peak_to_decay": {
        "peak_score": 70.0
      }
    },
    "881103.TI": {
      "avg_score": 51.31818181818182,
      "avg_change": -0.32558139534883723,
      "volatility": 13.458438546366079,
      "peak_to_decay": {
        "peak_score": 70.0,
        "avg_decay_rate": -0.30714285714285716,
        "days_to_half": -1
      }
    },
    "881104.TI": {
      "avg_score": 56.68181818181818,
      "avg_change": 0.046511627906976744,
      "volatility": 14.050848963288562,
      "peak_to_decay": {
        "peak_score": 70.0,
        "avg_decay_rate": -0.19487179487179485,
        "days_to_half": -1
      }
    },
    "881105.TI": {
      "avg_score": 50.59090909090909,
      "avg_change": -0.27906976744186046,
      "volatility": 13.292184566226714,
      "peak_to_decay": {
        "peak_score": 62.0,
        "avg_decay_rate": -0.1879032258064516,
        "days_to_half": -1
      }
    }
  },
  "market_context": {}
}