{
  "concept_sequences": {
    "881104.TI": {
      "881102.TI": 0.25,
      "881101.TI": 0.25,
      "881103.TI": 0.25,
      "881105.TI": 0.25
    },
    "881102.TI": {
      "881101.TI": 0.25,
      "881103.TI": 0.25,
      "881105.TI": 0.25,
      "881104.TI": 0.25
    },
    "881103.TI": {
      "881102.TI": 0.25,
      "881101.TI": 0.25,
      "881105.TI": 0.25,
      "881104.TI": 0.25
    },
    "881101.TI": {
      "881102.TI": 0.25,
      "881103.TI": 0.25,
      "881105.TI": 0.25,
      "881104.TI": 0.25
    },
    "881105.TI": {
      "881102.TI": 0.25,
      "881101.TI": 0.25,
      "881103.TI": 0.25,
      "881104.TI": 0.25
    }
  },
  "duration_patterns": {
    "by_concept": {
      "881101.TI": {
        "mean": 44.0,
        "std": NaN,
        "max": 44,
        "min": 44
      },
      "881102.TI": {
        "mean": 44.0,
        "std": NaN,
        "max": 44,
        "min": 44
      },
      "881103.TI": {
        "mean": 44.0,
        "std": NaN,
        "max": 44,
        "min": 44
      },
      "881104.TI": {
        "mean": 44.0,
        "std": NaN,
        "max": 44,
        "min": 44
      },
      "881105.TI": {
        "mean": 44.0,
        "std": NaN,
        "max": 44,
        "min": 44
      }
    },
    "distribution": {
      "avg": 44.0,
      "std": 0.0,
      "median": 44.0,
      "quartiles": {
        "0.25": 44.0,
        "0.5": 44.0,
        "0.75": 44.0
      }
    }
  },
  "intensity_patterns": {
    "881101.TI": {
      "avg_score": 56.0,
      "avg_change": 0.23255813953488372,
      "volatility": 10.886508052898554,
      "peak_to_decay": {
        "peak_score": 70.0,
        "avg_decay_rate": -0.22857142857142856,
        "days_to_half": -1
      }
    },
    "881102.TI": {
      "avg_score": 57.54545454545455,
      "avg_change": 0.09302325581395349,
      "volatility": 11.927986205894845,
      "peak_to_decay": {
        "peak_score": 70.0,
        "avg_decay_rate": -0.18299319727891156,
        "days_to_half": -1
      }
    },
    "881103.TI": {
      "avg_score": 54.95454545454545,
      "avg_change": -0.18604651162790697,
      "volatility": 9.786423574459546,
      "peak_to_decay": {
        "peak_score": 70.0,
        "avg_decay_rate": -0.21523809523809526,
        "days_to_half": -1
      }
    },
    "881104.TI": {
      "avg_score": 51.40909090909091,
      "avg_change": 0.0,
      "volatility": 10.49262779742225,
      "peak_to_decay": {
        "peak_score": 64.0,
        "avg_decay_rate": -0.20130813953488372,
        "days_to_half": -1
      }
    },
    "881105.TI": {
      "avg_score": 50.63636363636363,
      "avg_change": -0.13953488372093023,
      "volatility": 12.66713294006869,
      "peak_to_decay": {
        "peak_score": 68.0,
        "avg_decay_rate": -0.22291021671826625,
        "days_to_half": -1
      }
    }
  },
  "market_context": {}
}