{
  "concept_sequences": {
    "881102.TI": {
      "881101.TI": 0.25,
      "881104.TI": 0.25,
      "881105.TI": 0.25,
      "881103.TI": 0.25
    },
    "881103.TI": {
      "881101.TI": 0.25,
      "881104.TI": 0.25,
      "881105.TI": 0.25,
      "881102.TI": 0.25
    },
    "881105.TI": {
      "881101.TI": 0.25,
      "881104.TI": 0.25,
      "881102.TI": 0.25,
      "881103.TI": 0.25
    },
    "881101.TI": {
      "881104.TI": 0.25,
      "881105.TI": 0.25,
      "881102.TI": 0.25,
      "881103.TI": 0.25
    },
    "881104.TI": {
      "881101.TI": 0.25,
      "881105.TI": 0.25,
      "881102.TI": 0.25,
      "881103.TI": 0.25
    }
  },
  "duration_patterns": {
    "by_concept": {
      "881101.TI": {
        "mean": 44.0,
        "std": NaN,
        "max": 44,
        "min": 44
      },
      "881102.TI": {
        "mean": 44.0,
        "std": NaN,
        "max": 44,
        "min": 44
      },
      "881103.TI": {
        "mean": 44.0,
        "std": NaN,
        "max": 44,
        "min": 44
      },
      "881104.TI": {
        "mean": 44.0,
        "std": NaN,
        "max": 44,
        "min": 44
      },
      "881105.TI": {
        "mean": 44.0,
        "std": NaN,
        "max": 44,
        "min": 44
      }
    },
    "distribution": {
      "avg": 44.0,
      "std": 0.0,
      "median": 44.0,
      "quartiles": {
        "0.25": 44.0,
        "0.5": 44.0,
        "0.75": 44.0
      }
    }
  },
  "intensity_patterns": {
    "881101.TI": {
      "avg_score": 54.95454545454545,
      "avg_change": 0.18604651162790697,
      "volatility": 12.404407461623292,
      "peak_to_decay": {
        "peak_score": 68.0,
        "avg_decay_rate": -0.20674740484429063,
        "days_to_half": -1
      }
    },
    "881102.TI": {
      "avg_score": 53.68181818181818,
      "avg_change": -0.27906976744186046,
      "volatility": 13.28501766472892,
      "peak_to_decay": {
        "peak_score": 70.0,
        "avg_decay_rate": -0.20428571428571426,
        "days_to_half": -1
      }
    },
    "881103.TI": {
      "avg_score": 53.68181818181818,
      "avg_change": -0.32558139534883723,
      "volatility": 11.783202188734522,
      "peak_to_decay": {
        "peak_score": 68.0,
        "avg_decay_rate": -0.2198879551820728,
        "days_to_half": -1
      }
    },
    "881104.TI": {
      "avg_score": 52.68181818181818,
      "avg_change": -0.13953488372093023,
      "volatility": 12.576587082180083,
      "peak_to_decay": {
        "peak_score": 68.0,
        "avg_decay_rate": -0.24193548387096772,
        "days_to_half": -1
      }
    },
    "881105.TI": {
      "avg_score": 55.54545454545455,
      "avg_change": 0.4186046511627907,
      "volatility": 13.77753962094265,
      "peak_to_decay": {
        "peak_score": 70.0,
        "avg_decay_rate": -0.19913419913419914,
        "days_to_half": -1
      }
    }
  },
  "market_context": {}
}