{
  "concept_sequences": {
    "881103.TI": {
      "881104.TI": 0.25,
      "881101.TI": 0.25,
      "881102.TI": 0.25,
      "881105.TI": 0.25
    },
    "881102.TI": {
      "881104.TI": 0.25,
      "881101.TI": 0.25,
      "881105.TI": 0.25,
      "881103.TI": 0.25
    },
    "881104.TI": {
      "881101.TI": 0.25,
      "881102.TI": 0.25,
      "881105.TI": 0.25,
      "881103.TI": 0.25
    },
    "881105.TI": {
      "881104.TI": 0.25,
      "881101.TI": 0.25,
      "881102.TI": 0.25,
      "881103.TI": 0.25
    },
    "881101.TI": {
      "881104.TI": 0.25,
      "881102.TI": 0.25,
      "881105.TI": 0.25,
      "881103.TI": 0.25
    }
  },
  "duration_patterns": {
    "by_concept": {
      "881101.TI": {
        "mean": 44.0,
        "std": NaN,
        "max": 44,
        "min": 44
      },
      "881102.TI": {
        "mean": 44.0,
        "std": NaN,
        "max": 44,
        "min": 44
      },
      "881103.TI": {
        "mean": 44.0,
        "std": NaN,
        "max": 44,
        "min": 44
      },
      "881104.TI": {
        "mean": 44.0,
        "std": NaN,
        "max": 44,
        "min": 44
      },
      "881105.TI": {
        "mean": 44.0,
        "std": NaN,
        "max": 44,
        "min": 44
      }
    },
    "distribution": {
      "avg": 44.0,
      "std": 0.0,
      "median": 44.0,
      "quartiles": {
        "0.25": 44.0,
        "0.5": 44.0,
        "0.75": 44.0
      }
    }
  },
  "intensity_patterns": {
    "881101.TI": {
      "avg_score": 51.81818181818182,
      "avg_change": 0.046511627906976744,
      "volatility": 13.749378320789448,
      "peak_to_decay": {
        "peak_score": 68.0,
        "avg_decay_rate": -0.25432525951557095,
        "days_to_half": -1
      }
    },
    "881102.TI": {
      "avg_score": 56.0,
      "avg_change": -0.4186046511627907,
      "volatility": 12.387075749574317,
      "peak_to_decay": {
        "peak_score": 68.0,
        "avg_decay_rate": -0.1836248012718601,
        "days_to_half": -1
      }
    },
    "881103.TI": {
      "avg_score": 51.90909090909091,
      "avg_change": -0.09302325581395349,
      "volatility": 10.936644287044862,
      "peak_to_decay": {
        "peak_score": 68.0,
        "avg_decay_rate": -0.24208144796380082,
        "days_to_half": -1
      }
    },
    "881104.TI": {
      "avg_score": 56.63636363636363,
      "avg_change": 0.0,
      "volatility": 13.259318376505023,
      "peak_to_decay": {
        "peak_score": 70.0,
        "avg_decay_rate": -0.19591836734693877,
        "days_to_half": -1
      }
    },
    "881105.TI": {
      "avg_score": 54.04545454545455,
      "avg_change": 0.46511627906976744,
      "volatility": 12.396905983443922,
      "peak_to_decay": {
        "peak_score": 70.0,
        "avg_decay_rate": -0.23657142857142857,
        "days_to_half": -1
      }
    }
  },
  "market_context": {}
}