{
  "concept_sequences": {
    "881102.TI": {
      "881103.TI": 0.25,
      "881105.TI": 0.25,
      "881101.TI": 0.25,
      "881104.TI": 0.25
    },
    "881101.TI": {
      "881102.TI": 0.25,
      "881103.TI": 0.25,
      "881105.TI": 0.25,
      "881104.TI": 0.25
    },
    "881103.TI": {
      "881102.TI": 0.25,
      "881105.TI": 0.25,
      "881101.TI": 0.25,
      "881104.TI": 0.25
    },
    "881105.TI": {
      "881102.TI": 0.25,
      "881103.TI": 0.25,
      "881101.TI": 0.25,
      "881104.TI": 0.25
    },
    "881104.TI": {
      "881102.TI": 0.25,
      "881103.TI": 0.25,
      "881105.TI": 0.25,
      "881101.TI": 0.25
    }
  },
  "duration_patterns": {
    "by_concept": {
      "881101.TI": {
        "mean": 44.0,
        "std": NaN,
        "max": 44,
        "min": 44
      },
      "881102.TI": {
        "mean": 44.0,
        "std": NaN,
        "max": 44,
        "min": 44
      },
      "881103.TI": {
        "mean": 44.0,
        "std": NaN,
        "max": 44,
        "min": 44
      },
      "881104.TI": {
        "mean": 44.0,
        "std": NaN,
        "max": 44,
        "min": 44
      },
      "881105.TI": {
        "mean": 44.0,
        "std": NaN,
        "max": 44,
        "min": 44
      }
    },
    "distribution": {
      "avg": 44.0,
      "std": 0.0,
      "median": 44.0,
      "quartiles": {
        "0.25": 44.0,
        "0.5": 44.0,
        "0.75": 44.0
      }
    }
  },
  "intensity_patterns": {
    "881101.TI": {
      "avg_score": 56.09090909090909,
      "avg_change": -0.27906976744186046,
      "volatility": 12.524881106545957,
      "peak_to_decay": {
        "peak_score": 70.0,
        "avg_decay_rate": -0.19642857142857145,
        "days_to_half": -1
      }
    },
    "881102.TI": {
      "avg_score": 55.90909090909091,
      "avg_change": -0.5116279069767442,
      "volatility": 11.937081267696202,
      "peak_to_decay": {
        "peak_score": 70.0,
        "avg_decay_rate": -0.2180451127819549,
        "days_to_half": -1
      }
    },
    "881103.TI": {
      "avg_score": 52.81818181818182,
      "avg_change": 0.0,
      "volatility": 13.042056513266537,
      "peak_to_decay": {
        "peak_score": 68.0,
        "avg_decay_rate": -0.2322775263951734,
        "days_to_half": -1
      }
    },
    "881104.TI": {
      "avg_score": 48.59090909090909,
      "avg_change": 0.4186046511627907,
      "volatility": 11.335222303656474,
      "peak_to_decay": {
        "peak_score": 64.0,
        "avg_decay_rate": -0.23828125,
        "days_to_half": -1
      }
    },
    "881105.TI": {
      "avg_score": 57.54545454545455,
      "avg_change": 0.37209302325581395,
      "volatility": 12.323077954669236,
      "peak_to_decay": {
        "peak_score": 70.0,
        "avg_decay_rate": -0.17142857142857143,
        "days_to_half": -1
      }
    }
  },
  "market_context": {}
}