{
  "concept_sequences": {
    "881104.TI": {
      "881103.TI": 0.25,
      "881101.TI": 0.25,
      "881105.TI": 0.25,
      "881102.TI": 0.25
    },
    "881103.TI": {
      "881101.TI": 0.25,
      "881105.TI": 0.25,
      "881104.TI": 0.25,
      "881102.TI": 0.25
    },
    "881102.TI": {
      "881103.TI": 0.25,
      "881101.TI": 0.25,
      "881105.TI": 0.25,
      "881104.TI": 0.25
    },
    "881101.TI": {
      "881103.TI": 0.25,
      "881105.TI": 0.25,
      "881104.TI": 0.25,
      "881102.TI": 0.25
    },
    "881105.TI": {
      "881103.TI": 0.25,
      "881101.TI": 0.25,
      "881104.TI": 0.25,
      "881102.TI": 0.25
    }
  },
  "duration_patterns": {
    "by_concept": {
      "881101.TI": {
        "mean": 44.0,
        "std": NaN,
        "max": 44,
        "min": 44
      },
      "881102.TI": {
        "mean": 44.0,
        "std": NaN,
        "max": 44,
        "min": 44
      },
      "881103.TI": {
        "mean": 44.0,
        "std": NaN,
        "max": 44,
        "min": 44
      },
      "881104.TI": {
        "mean": 44.0,
        "std": NaN,
        "max": 44,
        "min": 44
      },
      "881105.TI": {
        "mean": 44.0,
        "std": NaN,
        "max": 44,
        "min": 44
      }
    },
    "distribution": {
      "avg": 44.0,
      "std": 0.0,
      "median": 44.0,
      "quartiles": {
        "0.25": 44.0,
        "0.5": 44.0,
        "0.75": 44.0
      }
    }
  },
  "intensity_patterns": {
    "881101.TI": {
      "avg_score": 54.36363636363637,
      "avg_change": 0.18604651162790697,
      "volatility": 11.64403753808194,
      "peak_to_decay": {
        "peak_score": 70.0,
        "avg_decay_rate": -0.22857142857142856,
        "days_to_half": -1
      }
    },
    "881102.TI": {
      "avg_score": 48.90909090909091,
      "avg_change": -0.4186046511627907,
      "volatility": 10.561007703857157,
      "peak_to_decay": {
        "peak_score": 68.0,
        "avg_decay_rate": -0.3492647058823529,
        "days_to_half": -1
      }
    },
    "881103.TI": {
      "avg_score": 56.63636363636363,
      "avg_change": 0.18604651162790697,
      "volatility": 13.93053483052434,
      "peak_to_decay": {
        "peak_score": 70.0,
        "avg_decay_rate": -0.20225563909774436,
        "days_to_half": -1
      }
    },
    "881104.TI": {
      "avg_score": 55.18181818181818,
      "avg_change": -0.23255813953488372,
      "volatility": 11.465968713467081,
      "peak_to_decay": {
        "peak_score": 66.0,
        "avg_decay_rate": -0.16772374911909796,
        "days_to_half": -1
      }
    },
    "881105.TI": {
      "avg_score": 55.86363636363637,
      "avg_change": 0.27906976744186046,
      "volatility": 12.965752657335676,
      "peak_to_decay": {
        "peak_score": 70.0,
        "avg_decay_rate": -0.20857142857142857,
        "days_to_half": -1
      }
    }
  },
  "market_context": {}
}