{
  "concept_sequences": {
    "881102.TI": {
      "881104.TI": 0.25,
      "881103.TI": 0.25,
      "881101.TI": 0.25,
      "881105.TI": 0.25
    },
    "881104.TI": {
      "881102.TI": 0.25,
      "881103.TI": 0.25,
      "881101.TI": 0.25,
      "881105.TI": 0.25
    },
    "881101.TI": {
      "881102.TI": 0.25,
      "881104.TI": 0.25,
      "881103.TI": 0.25,
      "881105.TI": 0.25
    },
    "881103.TI": {
      "881102.TI": 0.25,
      "881104.TI": 0.25,
      "881101.TI": 0.25,
      "881105.TI": 0.25
    },
    "881105.TI": {
      "881102.TI": 0.25,
      "881104.TI": 0.25,
      "881103.TI": 0.25,
      "881101.TI": 0.25
    }
  },
  "duration_patterns": {
    "by_concept": {
      "881101.TI": {
        "mean": 44.0,
        "std": NaN,
        "max": 44,
        "min": 44
      },
      "881102.TI": {
        "mean": 44.0,
        "std": NaN,
        "max": 44,
        "min": 44
      },
      "881103.TI": {
        "mean": 44.0,
        "std": NaN,
        "max": 44,
        "min": 44
      },
      "881104.TI": {
        "mean": 44.0,
        "std": NaN,
        "max": 44,
        "min": 44
      },
      "881105.TI": {
        "mean": 44.0,
        "std": NaN,
        "max": 44,
        "min": 44
      }
    },
    "distribution": {
      "avg": 44.0,
      "std": 0.0,
      "median": 44.0,
      "quartiles": {
        "0.25": 44.0,
        "0.5": 44.0,
        "0.75": 44.0
      }
    }
  },
  "intensity_patterns": {
    "881101.TI": {
      "avg_score": 55.0,
      "avg_change": -0.09302325581395349,
      "volatility": 13.251799434844727,
      "peak_to_decay": {
        "peak_score": 70.0,
        "avg_decay_rate": -0.21742160278745645,
        "days_to_half": -1
      }
    },
    "881102.TI": {
      "avg_score": 52.22727272727273,
      "avg_change": -0.23255813953488372,
      "volatility": 11.64727069869513,
      "peak_to_decay": {
        "peak_score": 68.0,
        "avg_decay_rate": -0.22268907563025206,
        "days_to_half": -1
      }
    },
    "881103.TI": {
      "avg_score": 52.59090909090909,
      "avg_change": 0.37209302325581395,
      "volatility": 11.647651011529266,
      "peak_to_decay": {
        "peak_score": 70.0,
        "avg_decay_rate": -0.22653061224489798,
        "days_to_half": -1
      }
    },
    "881104.TI": {
      "avg_score": 56.77272727272727,
      "avg_change": -0.13953488372093023,
      "volatility": 11.819236530312288,
      "peak_to_decay": {
        "peak_score": 70.0,
        "avg_decay_rate": -0.18214285714285713,
        "days_to_half": -1
      }
    },
    "881105.TI": {
      "avg_score": 54.22727272727273,
      "avg_change": 0.09302325581395349,
      "volatility": 11.397188361480445,
      "peak_to_decay": {
        "peak_score": 70.0,
        "avg_decay_rate": -0.22071428571428572,
        "days_to_half": -1
      }
    }
  },
  "market_context": {}
}