{
  "concept_sequences": {
    "881101.TI": {
      "881103.TI": 0.25,
      "881104.TI": 0.25,
      "881105.TI": 0.25,
      "881102.TI": 0.25
    },
    "881102.TI": {
      "881103.TI": 0.25,
      "881104.TI": 0.25,
      "881105.TI": 0.25,
      "881101.TI": 0.25
    },
    "881105.TI": {
      "881103.TI": 0.25,
      "881104.TI": 0.25,
      "881102.TI": 0.25,
      "881101.TI": 0.25
    },
    "881104.TI": {
      "881103.TI": 0.25,
      "881105.TI": 0.25,
      "881102.TI": 0.25,
      "881101.TI": 0.25
    },
    "881103.TI": {
      "881104.TI": 0.25,
      "881105.TI": 0.25,
      "881102.TI": 0.25,
      "881101.TI": 0.25
    }
  },
  "duration_patterns": {
    "by_concept": {
      "881101.TI": {
        "mean": 44.0,
        "std": NaN,
        "max": 44,
        "min": 44
      },
      "881102.TI": {
        "mean": 44.0,
        "std": NaN,
        "max": 44,
        "min": 44
      },
      "881103.TI": {
        "mean": 44.0,
        "std": NaN,
        "max": 44,
        "min": 44
      },
      "881104.TI": {
        "mean": 44.0,
        "std": NaN,
        "max": 44,
        "min": 44
      },
      "881105.TI": {
        "mean": 44.0,
        "std": NaN,
        "max": 44,
        "min": 44
      }
    },
    "distribution": {
      "avg": 44.0,
      "std": 0.0,
      "median": 44.0,
      "quartiles": {
        "0.25": 44.0,
        "0.5": 44.0,
        "0.75": 44.0
      }
    }
  },
  "intensity_patterns": {
    "881101.TI": {
      "avg_score": 56.77272727272727,
      "avg_change": -0.046511627906976744,
      "volatility": 11.972097497678057,
      "peak_to_decay": {
        "peak_score": 70.0,
        "avg_decay_rate": -0.19071428571428573,
        "days_to_half": -1
      }
    },
    "881102.TI": {
      "avg_score": 49.72727272727273,
      "avg_change": -0.046511627906976744,
      "volatility": 11.852171768784247,
      "peak_to_decay": {
        "peak_score": 66.0,
        "avg_decay_rate": -0.2527716186252771,
        "days_to_half": -1
      }
    },
    "881103.TI": {
      "avg_score": 55.54545454545455,
      "avg_change": 0.0,
      "volatility": 13.03475208451476,
      "peak_to_decay": {
        "peak_score": 70.0,
        "avg_decay_rate": -0.20816326530612242,
        "days_to_half": -1
      }
    },
    "881104.TI": {
      "avg_score": 54.5,
      "avg_change": 0.32558139534883723,
      "volatility": 11.831597988583587,
      "peak_to_decay": {
        "peak_score": 70.0,
        "avg_decay_rate": -0.2126984126984127,
        "days_to_half": -1
      }
    },
    "881105.TI": {
      "avg_score": 54.54545454545455,
      "avg_change": -0.23255813953488372,
      "volatility": 10.727883582387237,
      "peak_to_decay": {
        "peak_score": 70.0,
        "avg_decay_rate": -0.2222222222222222,
        "days_to_half": -1
      }
    }
  },
  "market_context": {}
}