{
  "concept_sequences": {
    "881103.TI": {
      "881101.TI": 0.25,
      "881104.TI": 0.25,
      "881105.TI": 0.25,
      "881102.TI": 0.25
    },
    "881102.TI": {
      "881101.TI": 0.25,
      "881103.TI": 0.25,
      "881104.TI": 0.25,
      "881105.TI": 0.25
    },
    "881101.TI": {
      "881103.TI": 0.25,
      "881104.TI": 0.25,
      "881105.TI": 0.25,
      "881102.TI": 0.25
    },
    "881105.TI": {
      "881101.TI": 0.25,
      "881103.TI": 0.25,
      "881104.TI": 0.25,
      "881102.TI": 0.25
    },
    "881104.TI": {
      "881101.TI": 0.25,
      "881103.TI": 0.25,
      "881105.TI": 0.25,
      "881102.TI": 0.25
    }
  },
  "duration_patterns": {
    "by_concept": {
      "881101.TI": {
        "mean": 44.0,
        "std": NaN,
        "max": 44,
        "min": 44
      },
      "881102.TI": {
        "mean": 44.0,
        "std": NaN,
        "max": 44,
        "min": 44
      },
      "881103.TI": {
        "mean": 44.0,
        "std": NaN,
        "max": 44,
        "min": 44
      },
      "881104.TI": {
        "mean": 44.0,
        "std": NaN,
        "max": 44,
        "min": 44
      },
      "881105.TI": {
        "mean": 44.0,
        "std": NaN,
        "max": 44,
        "min": 44
      }
    },
    "distribution": {
      "avg": 44.0,
      "std": 0.0,
      "median": 44.0,
      "quartiles": {
        "0.25": 44.0,
        "0.5": 44.0,
        "0.75": 44.0
      }
    }
  },
  "intensity_patterns": {
    "881101.TI": {
      "avg_score": 54.77272727272727,
      "avg_change": -0.27906976744186046,
      "volatility": 12.310130519201595,
      "peak_to_decay": {
        "peak_score": 70.0,
        "avg_decay_rate": -0.21428571428571427,
        "days_to_half": -1
      }
    },
    "881102.TI": {
      "avg_score": 54.18181818181818,
      "avg_change": -0.27906976744186046,
      "volatility": 12.95840521749227,
      "peak_to_decay": {
        "peak_score": 70.0,
        "avg_decay_rate": -0.22714285714285715,
        "days_to_half": -1
      }
    },
    "881103.TI": {
      "avg_score": 53.81818181818182,
      "avg_change": -0.23255813953488372,
      "volatility": 13.608185928054176,
      "peak_to_decay": {
        "peak_score": 70.0,
        "avg_decay_rate": -0.23571428571428565,
        "days_to_half": -1
      }
    },
    "881104.TI": {
      "avg_score": 55.09090909090909,
      "avg_change": 0.32558139534883723,
      "volatility": 11.496833788218884,
      "peak_to_decay": {
        "peak_score": 68.0,
        "avg_decay_rate": -0.19432773109243698,
        "days_to_half": -1
      }
    },
    "881105.TI": {
      "avg_score": 52.54545454545455,
      "avg_change": 0.46511627906976744,
      "volatility": 12.692984258672945,
      "peak_to_decay": {
        "peak_score": 66.0,
        "avg_decay_rate": -0.19191919191919188,
        "days_to_half": -1
      }
    }
  },
  "market_context": {}
}