{
  "concept_sequences": {
    "881104.TI": {
      "881102.TI": 0.25,
      "881103.TI": 0.25,
      "881105.TI": 0.25,
      "881101.TI": 0.25
    },
    "881105.TI": {
      "881102.TI": 0.25,
      "881103.TI": 0.25,
      "881101.TI": 0.25,
      "881104.TI": 0.25
    },
    "881102.TI": {
      "881103.TI": 0.25,
      "881105.TI": 0.25,
      "881101.TI": 0.25,
      "881104.TI": 0.25
    },
    "881101.TI": {
      "881102.TI": 0.25,
      "881103.TI": 0.25,
      "881105.TI": 0.25,
      "881104.TI": 0.25
    },
    "881103.TI": {
      "881102.TI": 0.25,
      "881105.TI": 0.25,
      "881101.TI": 0.25,
      "881104.TI": 0.25
    }
  },
  "duration_patterns": {
    "by_concept": {
      "881101.TI": {
        "mean": 44.0,
        "std": NaN,
        "max": 44,
        "min": 44
      },
      "881102.TI": {
        "mean": 44.0,
        "std": NaN,
        "max": 44,
        "min": 44
      },
      "881103.TI": {
        "mean": 44.0,
        "std": NaN,
        "max": 44,
        "min": 44
      },
      "881104.TI": {
        "mean": 44.0,
        "std": NaN,
        "max": 44,
        "min": 44
      },
      "881105.TI": {
        "mean": 44.0,
        "std": NaN,
        "max": 44,
        "min": 44
      }
    },
    "distribution": {
      "avg": 44.0,
      "std": 0.0,
      "median": 44.0,
      "quartiles": {
        "0.25": 44.0,
        "0.5": 44.0,
        "0.75": 44.0
      }
    }
  },
  "intensity_patterns": {
    "881101.TI": {
      "avg_score": 56.04545454545455,
      "avg_change": -0.046511627906976744,
      "volatility": 12.577291495033899,
      "peak_to_decay": {
        "peak_score": 70.0,
        "avg_decay_rate": -0.19721254355400697,
        "days_to_half": -1
      }
    },
    "881102.TI": {
      "avg_score": 55.36363636363637,
      "avg_change": 0.23255813953488372,
      "volatility": 11.111635277411061,
      "peak_to_decay": {
        "peak_score": 70.0,
        "avg_decay_rate": -0.22255639097744356,
        "days_to_half": -1
      }
    },
    "881103.TI": {
      "avg_score": 52.36363636363637,
      "avg_change": 0.13953488372093023,
      "volatility": 15.768536175303316,
      "peak_to_decay": {
        "peak_score": 70.0,
        "avg_decay_rate": -0.256,
        "days_to_half": -1
      }
    },
    "881104.TI": {
      "avg_score": 54.27272727272727,
      "avg_change": -0.046511627906976744,
      "volatility": 13.672972102398104,
      "peak_to_decay": {
        "peak_score": 70.0,
        "avg_decay_rate": -0.19999999999999998,
        "days_to_half": -1
      }
    },
    "881105.TI": {
      "avg_score": 52.63636363636363,
      "avg_change": -0.4186046511627907,
      "volatility": 12.387075749574317,
      "peak_to_decay": {
        "peak_score": 70.0,
        "avg_decay_rate": -0.2416666666666667,
        "days_to_half": -1
      }
    }
  },
  "market_context": {}
}