{
  "concept_sequences": {
    "881103.TI": {
      "881105.TI": 0.25,
      "881101.TI": 0.25,
      "881104.TI": 0.25,
      "881102.TI": 0.25
    },
    "881101.TI": {
      "881105.TI": 0.25,
      "881104.TI": 0.25,
      "881102.TI": 0.25,
      "881103.TI": 0.25
    },
    "881102.TI": {
      "881105.TI": 0.25,
      "881101.TI": 0.25,
      "881104.TI": 0.25,
      "881103.TI": 0.25
    },
    "881104.TI": {
      "881105.TI": 0.25,
      "881101.TI": 0.25,
      "881102.TI": 0.25,
      "881103.TI": 0.25
    },
    "881105.TI": {
      "881101.TI": 0.25,
      "881104.TI": 0.25,
      "881102.TI": 0.25,
      "881103.TI": 0.25
    }
  },
  "duration_patterns": {
    "by_concept": {
      "881101.TI": {
        "mean": 44.0,
        "std": NaN,
        "max": 44,
        "min": 44
      },
      "881102.TI": {
        "mean": 44.0,
        "std": NaN,
        "max": 44,
        "min": 44
      },
      "881103.TI": {
        "mean": 44.0,
        "std": NaN,
        "max": 44,
        "min": 44
      },
      "881104.TI": {
        "mean": 44.0,
        "std": NaN,
        "max": 44,
        "min": 44
      },
      "881105.TI": {
        "mean": 44.0,
        "std": NaN,
        "max": 44,
        "min": 44
      }
    },
    "distribution": {
      "avg": 44.0,
      "std": 0.0,
      "median": 44.0,
      "quartiles": {
        "0.25": 44.0,
        "0.5": 44.0,
        "0.75": 44.0
      }
    }
  },
  "intensity_patterns": {
    "881101.TI": {
      "avg_score": 53.40909090909091,
      "avg_change": -0.18604651162790697,
      "volatility": 11.133937424344262,
      "peak_to_decay": {
        "peak_score": 66.0,
        "avg_decay_rate": -0.19545454545454546,
        "days_to_half": -1
      }
    },
    "881102.TI": {
      "avg_score": 51.86363636363637,
      "avg_change": 0.27906976744186046,
      "volatility": 14.518175113900291,
      "peak_to_decay": {
        "peak_score": 70.0,
        "avg_decay_rate": -0.2597402597402597,
        "days_to_half": -1
      }
    },
    "881103.TI": {
      "avg_score": 55.77272727272727,
      "avg_change": -0.46511627906976744,
      "volatility": 12.242293663886025,
      "peak_to_decay": {
        "peak_score": 70.0,
        "avg_decay_rate": -0.20797342192691026,
        "days_to_half": -1
      }
    },
    "881104.TI": {
      "avg_score": 53.5,
      "avg_change": 0.32558139534883723,
      "volatility": 13.201228171998597,
      "peak_to_decay": {
        "peak_score": 68.0,
        "avg_decay_rate": -0.2117647058823529,
        "days_to_half": -1
      }
    },
    "881105.TI": {
      "avg_score": 55.72727272727273,
      "avg_change": 0.046511627906976744,
      "volatility": 12.667832317992149,
      "peak_to_decay": {
        "peak_score": 70.0,
        "avg_decay_rate": -0.20476190476190476,
        "days_to_half": -1
      }
    }
  },
  "market_context": {}
}