{
  "concept_sequences": {
    "881102.TI": {
      "881104.TI": 0.25,
      "881105.TI": 0.25,
      "881103.TI": 0.25,
      "881101.TI": 0.25
    },
    "881103.TI": {
      "881102.TI": 0.25,
      "881104.TI": 0.25,
      "881105.TI": 0.25,
      "881101.TI": 0.25
    },
    "881105.TI": {
      "881102.TI": 0.25,
      "881104.TI": 0.25,
      "881103.TI": 0.25,
      "881101.TI": 0.25
    },
    "881101.TI": {
      "881102.TI": 0.25,
      "881104.TI": 0.25,
      "881105.TI": 0.25,
      "881103.TI": 0.25
    },
    "881104.TI": {
      "881102.TI": 0.25,
      "881105.TI": 0.25,
      "881103.TI": 0.25,
      "881101.TI": 0.25
    }
  },
  "duration_patterns": {
    "by_concept": {
      "881101.TI": {
        "mean": 44.0,
        "std": NaN,
        "max": 44,
        "min": 44
      },
      "881102.TI": {
        "mean": 44.0,
        "std": NaN,
        "max": 44,
        "min": 44
      },
      "881103.TI": {
        "mean": 44.0,
        "std": NaN,
        "max": 44,
        "min": 44
      },
      "881104.TI": {
        "mean": 44.0,
        "std": NaN,
        "max": 44,
        "min": 44
      },
      "881105.TI": {
        "mean": 44.0,
        "std": NaN,
        "max": 44,
        "min": 44
      }
    },
    "distribution": {
      "avg": 44.0,
      "std": 0.0,
      "median": 44.0,
      "quartiles": {
        "0.25": 44.0,
        "0.5": 44.0,
        "0.75": 44.0
      }
    }
  },
  "intensity_patterns": {
    "881101.TI": {
      "avg_score": 53.81818181818182,
      "avg_change": 0.46511627906976744,
      "volatility": 15.330251507906876,
      "peak_to_decay": {
        "peak_score": 70.0,
        "avg_decay_rate": -0.23183673469387758,
        "days_to_half": -1
      }
    },
    "881102.TI": {
      "avg_score": 55.22727272727273,
      "avg_change": -0.37209302325581395,
      "volatility": 13.246784436077405,
      "peak_to_decay": {
        "peak_score": 70.0,
        "avg_decay_rate": -0.16974789915966385,
        "days_to_half": -1
      }
    },
    "881103.TI": {
      "avg_score": 53.0,
      "avg_change": -0.4186046511627907,
      "volatility": 13.22737521768781,
      "peak_to_decay": {
        "peak_score": 70.0,
        "avg_decay_rate": -0.2857142857142857,
        "days_to_half": -1
      }
    },
    "881104.TI": {
      "avg_score": 51.68181818181818,
      "avg_change": 0.18604651162790697,
      "volatility": 10.626238446486822,
      "peak_to_decay": {
        "peak_score": 68.0,
        "avg_decay_rate": -0.26960784313725483,
        "days_to_half": -1
      }
    },
    "881105.TI": {
      "avg_score": 56.54545454545455,
      "avg_change": 0.13953488372093023,
      "volatility": 9.965610858272365,
      "peak_to_decay": {
        "peak_score": 70.0,
        "avg_decay_rate": -0.19323308270676692,
        "days_to_half": -1
      }
    }
  },
  "market_context": {}
}