{
  "concept_sequences": {
    "881102.TI": {
      "881105.TI": 0.25,
      "881103.TI": 0.25,
      "881101.TI": 0.25,
      "881104.TI": 0.25
    },
    "881104.TI": {
      "881102.TI": 0.25,
      "881105.TI": 0.25,
      "881103.TI": 0.25,
      "881101.TI": 0.25
    },
    "881105.TI": {
      "881102.TI": 0.25,
      "881103.TI": 0.25,
      "881101.TI": 0.25,
      "881104.TI": 0.25
    },
    "881103.TI": {
      "881102.TI": 0.25,
      "881105.TI": 0.25,
      "881101.TI": 0.25,
      "881104.TI": 0.25
    },
    "881101.TI": {
      "881102.TI": 0.25,
      "881105.TI": 0.25,
      "881103.TI": 0.25,
      "881104.TI": 0.25
    }
  },
  "duration_patterns": {
    "by_concept": {
      "881101.TI": {
        "mean": 44.0,
        "std": NaN,
        "max": 44,
        "min": 44
      },
      "881102.TI": {
        "mean": 44.0,
        "std": NaN,
        "max": 44,
        "min": 44
      },
      "881103.TI": {
        "mean": 44.0,
        "std": NaN,
        "max": 44,
        "min": 44
      },
      "881104.TI": {
        "mean": 44.0,
        "std": NaN,
        "max": 44,
        "min": 44
      },
      "881105.TI": {
        "mean": 44.0,
        "std": NaN,
        "max": 44,
        "min": 44
      }
    },
    "distribution": {
      "avg": 44.0,
      "std": 0.0,
      "median": 44.0,
      "quartiles": {
        "0.25": 44.0,
        "0.5": 44.0,
        "0.75": 44.0
      }
    }
  },
  "intensity_patterns": {
    "881101.TI": {
      "avg_score": 49.81818181818182,
      "avg_change": 0.046511627906976744,
      "volatility": 12.943013354099012,
      "peak_to_decay": {
        "peak_score": 66.0,
        "avg_decay_rate": -0.24069264069264068,
        "days_to_half": -1
      }
    },
    "881102.TI": {
      "avg_score": 54.45454545454545,
      "avg_change": -0.13953488372093023,
      "volatility": 11.001258359515141,
      "peak_to_decay": {
        "peak_score": 66.0,
        "avg_decay_rate": -0.17899929527836506,
        "days_to_half": -1
      }
    },
    "881103.TI": {
      "avg_score": 52.81818181818182,
      "avg_change": 0.09302325581395349,
      "volatility": 12.975827257761095,
      "peak_to_decay": {
        "peak_score": 70.0,
        "avg_decay_rate": -0.23722943722943723,
        "days_to_half": -1
      }
    },
    "881104.TI": {
      "avg_score": 57.5,
      "avg_change": -0.32558139534883723,
      "volatility": 13.280348765917541,
      "peak_to_decay": {
        "peak_score": 70.0,
        "avg_decay_rate": -0.18319327731092439,
        "days_to_half": -1
      }
    },
    "881105.TI": {
      "avg_score": 56.09090909090909,
      "avg_change": 0.32558139534883723,
      "volatility": 13.564170117019883,
      "peak_to_decay": {
        "peak_score": 70.0,
        "avg_decay_rate": -0.20772200772200775,
        "days_to_half": -1
      }
    }
  },
  "market_context": {}
}