{
  "concept_sequences": {
    "881104.TI": {
      "881105.TI": 0.25,
      "881103.TI": 0.25,
      "881101.TI": 0.25,
      "881102.TI": 0.25
    },
    "881102.TI": {
      "881105.TI": 0.25,
      "881103.TI": 0.25,
      "881104.TI": 0.25,
      "881101.TI": 0.25
    },
    "881101.TI": {
      "881105.TI": 0.25,
      "881103.TI": 0.25,
      "881104.TI": 0.25,
      "881102.TI": 0.25
    },
    "881105.TI": {
      "881103.TI": 0.25,
      "881104.TI": 0.25,
      "881101.TI": 0.25,
      "881102.TI": 0.25
    },
    "881103.TI": {
      "881105.TI": 0.25,
      "881104.TI": 0.25,
      "881101.TI": 0.25,
      "881102.TI": 0.25
    }
  },
  "duration_patterns": {
    "by_concept": {
      "881101.TI": {
        "mean": 44.0,
        "std": NaN,
        "max": 44,
        "min": 44
      },
      "881102.TI": {
        "mean": 44.0,
        "std": NaN,
        "max": 44,
        "min": 44
      },
      "881103.TI": {
        "mean": 44.0,
        "std": NaN,
        "max": 44,
        "min": 44
      },
      "881104.TI": {
        "mean": 44.0,
        "std": NaN,
        "max": 44,
        "min": 44
      },
      "881105.TI": {
        "mean": 44.0,
        "std": NaN,
        "max": 44,
        "min": 44
      }
    },
    "distribution": {
      "avg": 44.0,
      "std": 0.0,
      "median": 44.0,
      "quartiles": {
        "0.25": 44.0,
        "0.5": 44.0,
        "0.75": 44.0
      }
    }
  },
  "intensity_patterns": {
    "881101.TI": {
      "avg_score": 51.81818181818182,
      "avg_change": -0.13953488372093023,
      "volatility": 11.599633400095508,
      "peak_to_decay": {
        "peak_score": 66.0,
        "avg_decay_rate": -0.20404040404040397,
        "days_to_half": -1
      }
    },
    "881102.TI": {
      "avg_score": 52.45454545454545,
      "avg_change": 0.27906976744186046,
      "volatility": 12.855100120732793,
      "peak_to_decay": {
        "peak_score": 70.0,
        "avg_decay_rate": -0.24464285714285713,
        "days_to_half": -1
      }
    },
    "881103.TI": {
      "avg_score": 56.13636363636363,
      "avg_change": 0.37209302325581395,
      "volatility": 9.868234887793484,
      "peak_to_decay": {
        "peak_score": 70.0,
        "avg_decay_rate": -0.20300751879699247,
        "days_to_half": -1
      }
    },
    "881104.TI": {
      "avg_score": 55.40909090909091,
      "avg_change": -0.23255813953488372,
      "volatility": 12.874554470890255,
      "peak_to_decay": {
        "peak_score": 70.0,
        "avg_decay_rate": -0.21654135338345862,
        "days_to_half": -1
      }
    },
    "881105.TI": {
      "avg_score": 54.86363636363637,
      "avg_change": -0.13953488372093023,
      "volatility": 12.324156293635058,
      "peak_to_decay": {
        "peak_score": 68.0,
        "avg_decay_rate": -0.19537815126050417,
        "days_to_half": -1
      }
    }
  },
  "market_context": {}
}