{
  "concept_sequences": {
    "881102.TI": {
      "881103.TI": 0.25,
      "881104.TI": 0.25,
      "881105.TI": 0.25,
      "881101.TI": 0.25
    },
    "881104.TI": {
      "881103.TI": 0.25,
      "881102.TI": 0.25,
      "881105.TI": 0.25,
      "881101.TI": 0.25
    },
    "881105.TI": {
      "881103.TI": 0.25,
      "881104.TI": 0.25,
      "881102.TI": 0.25,
      "881101.TI": 0.25
    },
    "881103.TI": {
      "881104.TI": 0.25,
      "881102.TI": 0.25,
      "881105.TI": 0.25,
      "881101.TI": 0.25
    },
    "881101.TI": {
      "881103.TI": 0.25,
      "881104.TI": 0.25,
      "881102.TI": 0.25,
      "881105.TI": 0.25
    }
  },
  "duration_patterns": {
    "by_concept": {
      "881101.TI": {
        "mean": 44.0,
        "std": NaN,
        "max": 44,
        "min": 44
      },
      "881102.TI": {
        "mean": 44.0,
        "std": NaN,
        "max": 44,
        "min": 44
      },
      "881103.TI": {
        "mean": 44.0,
        "std": NaN,
        "max": 44,
        "min": 44
      },
      "881104.TI": {
        "mean": 44.0,
        "std": NaN,
        "max": 44,
        "min": 44
      },
      "881105.TI": {
        "mean": 44.0,
        "std": NaN,
        "max": 44,
        "min": 44
      }
    },
    "distribution": {
      "avg": 44.0,
      "std": 0.0,
      "median": 44.0,
      "quartiles": {
        "0.25": 44.0,
        "0.5": 44.0,
        "0.75": 44.0
      }
    }
  },
  "intensity_patterns": {
    "881101.TI": {
      "avg_score": 51.09090909090909,
      "avg_change": 0.0,
      "volatility": 13.071233409940428,
      "peak_to_decay": {
        "peak_score": 70.0,
        "avg_decay_rate": -0.19619047619047617,
        "days_to_half": -1
      }
    },
    "881102.TI": {
      "avg_score": 56.31818181818182,
      "avg_change": -0.37209302325581395,
      "volatility": 14.291228171777517,
      "peak_to_decay": {
        "peak_score": 70.0,
        "avg_decay_rate": -0.20000000000000004,
        "days_to_half": -1
      }
    },
    "881103.TI": {
      "avg_score": 55.81818181818182,
      "avg_change": 0.46511627906976744,
      "volatility": 12.9896457615274,
      "peak_to_decay": {
        "peak_score": 70.0,
        "avg_decay_rate": -0.19354838709677413,
        "days_to_half": -1
      }
    },
    "881104.TI": {
      "avg_score": 54.0,
      "avg_change": -0.13953488372093023,
      "volatility": 11.400880073274287,
      "peak_to_decay": {
        "peak_score": 66.0,
        "avg_decay_rate": -0.1896103896103896,
        "days_to_half": -1
      }
    },
    "881105.TI": {
      "avg_score": 53.31818181818182,
      "avg_change": 0.046511627906976744,
      "volatility": 11.980049861514992,
      "peak_to_decay": {
        "peak_score": 68.0,
        "avg_decay_rate": -0.2297794117647059,
        "days_to_half": -1
      }
    }
  },
  "market_context": {}
}