{
  "concept_sequences": {
    "881102.TI": {
      "881104.TI": 0.25,
      "881105.TI": 0.25,
      "881101.TI": 0.25,
      "881103.TI": 0.25
    },
    "881105.TI": {
      "881104.TI": 0.25,
      "881102.TI": 0.25,
      "881101.TI": 0.25,
      "881103.TI": 0.25
    },
    "881101.TI": {
      "881104.TI": 0.25,
      "881102.TI": 0.25,
      "881105.TI": 0.25,
      "881103.TI": 0.25
    },
    "881103.TI": {
      "881104.TI": 0.25,
      "881102.TI": 0.25,
      "881105.TI": 0.25,
      "881101.TI": 0.25
    },
    "881104.TI": {
      "881102.TI": 0.25,
      "881105.TI": 0.25,
      "881101.TI": 0.25,
      "881103.TI": 0.25
    }
  },
  "duration_patterns": {
    "by_concept": {
      "881101.TI": {
        "mean": 44.0,
        "std": NaN,
        "max": 44,
        "min": 44
      },
      "881102.TI": {
        "mean": 44.0,
        "std": NaN,
        "max": 44,
        "min": 44
      },
      "881103.TI": {
        "mean": 44.0,
        "std": NaN,
        "max": 44,
        "min": 44
      },
      "881104.TI": {
        "mean": 44.0,
        "std": NaN,
        "max": 44,
        "min": 44
      },
      "881105.TI": {
        "mean": 44.0,
        "std": NaN,
        "max": 44,
        "min": 44
      }
    },
    "distribution": {
      "avg": 44.0,
      "std": 0.0,
      "median": 44.0,
      "quartiles": {
        "0.25": 44.0,
        "0.5": 44.0,
        "0.75": 44.0
      }
    }
  },
  "intensity_patterns": {
    "881101.TI": {
      "avg_score": 56.72727272727273,
      "avg_change": -0.23255813953488372,
      "volatility": 14.062508767069989,
      "peak_to_decay": {
        "peak_score": 70.0,
        "avg_decay_rate": -0.17880184331797236,
        "days_to_half": -1
      }
    },
    "881102.TI": {
      "avg_score": 56.13636363636363,
      "avg_change": -0.046511627906976744,
      "volatility": 8.863927669605863,
      "peak_to_decay": {
        "peak_score": 70.0,
        "avg_decay_rate": -0.20549450549450549,
        "days_to_half": -1
      }
    },
    "881103.TI": {
      "avg_score": 55.90909090909091,
      "avg_change": 0.4186046511627907,
      "volatility": 13.002257236523961,
      "peak_to_decay": {
        "peak_score": 70.0,
        "avg_decay_rate": -0.19633699633699633,
        "days_to_half": -1
      }
    },
    "881104.TI": {
      "avg_score": 51.18181818181818,
      "avg_change": 0.09302325581395349,
      "volatility": 11.006089123079121,
      "peak_to_decay": {
        "peak_score": 66.0,
        "avg_decay_rate": -0.2255892255892256,
        "days_to_half": -1
      }
    },
    "881105.TI": {
      "avg_score": 50.59090909090909,
      "avg_change": -0.23255813953488372,
      "volatility": 10.302189340371912,
      "peak_to_decay": {
        "peak_score": 64.0,
        "avg_decay_rate": -0.21071428571428572,
        "days_to_half": -1
      }
    }
  },
  "market_context": {}
}