{
  "concept_sequences": {
    "881103.TI": {
      "881104.TI": 0.25,
      "881105.TI": 0.25,
      "881101.TI": 0.25,
      "881102.TI": 0.25
    },
    "881102.TI": {
      "881104.TI": 0.25,
      "881105.TI": 0.25,
      "881103.TI": 0.25,
      "881101.TI": 0.25
    },
    "881101.TI": {
      "881104.TI": 0.25,
      "881105.TI": 0.25,
      "881103.TI": 0.25,
      "881102.TI": 0.25
    },
    "881104.TI": {
      "881105.TI": 0.25,
      "881103.TI": 0.25,
      "881101.TI": 0.25,
      "881102.TI": 0.25
    },
    "881105.TI": {
      "881104.TI": 0.25,
      "881103.TI": 0.25,
      "881101.TI": 0.25,
      "881102.TI": 0.25
    }
  },
  "duration_patterns": {
    "by_concept": {
      "881101.TI": {
        "mean": 44.0,
        "std": NaN,
        "max": 44,
        "min": 44
      },
      "881102.TI": {
        "mean": 44.0,
        "std": NaN,
        "max": 44,
        "min": 44
      },
      "881103.TI": {
        "mean": 44.0,
        "std": NaN,
        "max": 44,
        "min": 44
      },
      "881104.TI": {
        "mean": 44.0,
        "std": NaN,
        "max": 44,
        "min": 44
      },
      "881105.TI": {
        "mean": 44.0,
        "std": NaN,
        "max": 44,
        "min": 44
      }
    },
    "distribution": {
      "avg": 44.0,
      "std": 0.0,
      "median": 44.0,
      "quartiles": {
        "0.25": 44.0,
        "0.5": 44.0,
        "0.75": 44.0
      }
    }
  },
  "intensity_patterns": {
    "881101.TI": {
      "avg_score": 51.04545454545455,
      "avg_change": -0.23255813953488372,
      "volatility": 14.84015981383323,
      "peak_to_decay": {
        "peak_score": 68.0,
        "avg_decay_rate": -0.24369747899159666,
        "days_to_half": -1
      }
    },
    "881102.TI": {
      "avg_score": 55.81818181818182,
      "avg_change": -0.18604651162790697,
      "volatility": 14.36141625519322,
      "peak_to_decay": {
        "peak_score": 70.0,
        "avg_decay_rate": -0.23697478991596638,
        "days_to_half": -1
      }
    },
    "881103.TI": {
      "avg_score": 58.27272727272727,
      "avg_change": 0.046511627906976744,
      "volatility": 13.089351339692476,
      "peak_to_decay": {
        "peak_score": 70.0,
        "avg_decay_rate": -0.17469387755102037,
        "days_to_half": -1
      }
    },
    "881104.TI": {
      "avg_score": 54.31818181818182,
      "avg_change": 0.23255813953488372,
      "volatility": 10.265144930441453,
      "peak_to_decay": {
        "peak_score": 70.0,
        "avg_decay_rate": -0.2391534391534392,
        "days_to_half": -1
      }
    },
    "881105.TI": {
      "avg_score": 51.09090909090909,
      "avg_change": 0.27906976744186046,
      "volatility": 12.012544200196862,
      "peak_to_decay": {
        "peak_score": 68.0,
        "avg_decay_rate": -0.3277310924369748,
        "days_to_half": -1
      }
    }
  },
  "market_context": {}
}