{
  "concept_sequences": {
    "881104.TI": {
      "881101.TI": 0.25,
      "881103.TI": 0.25,
      "881102.TI": 0.25,
      "881105.TI": 0.25
    },
    "881101.TI": {
      "881103.TI": 0.25,
      "881102.TI": 0.25,
      "881104.TI": 0.25,
      "881105.TI": 0.25
    },
    "881103.TI": {
      "881101.TI": 0.25,
      "881102.TI": 0.25,
      "881104.TI": 0.25,
      "881105.TI": 0.25
    },
    "881102.TI": {
      "881101.TI": 0.25,
      "881103.TI": 0.25,
      "881104.TI": 0.25,
      "881105.TI": 0.25
    },
    "881105.TI": {
      "881101.TI": 0.25,
      "881103.TI": 0.25,
      "881102.TI": 0.25,
      "881104.TI": 0.25
    }
  },
  "duration_patterns": {
    "by_concept": {
      "881101.TI": {
        "mean": 44.0,
        "std": NaN,
        "max": 44,
        "min": 44
      },
      "881102.TI": {
        "mean": 44.0,
        "std": NaN,
        "max": 44,
        "min": 44
      },
      "881103.TI": {
        "mean": 44.0,
        "std": NaN,
        "max": 44,
        "min": 44
      },
      "881104.TI": {
        "mean": 44.0,
        "std": NaN,
        "max": 44,
        "min": 44
      },
      "881105.TI": {
        "mean": 44.0,
        "std": NaN,
        "max": 44,
        "min": 44
      }
    },
    "distribution": {
      "avg": 44.0,
      "std": 0.0,
      "median": 44.0,
      "quartiles": {
        "0.25": 44.0,
        "0.5": 44.0,
        "0.75": 44.0
      }
    }
  },
  "intensity_patterns": {
    "881101.TI": {
      "avg_score": 57.5,
      "avg_change": -0.5116279069767442,
      "volatility": 11.514736092799597,
      "peak_to_decay": {
        "peak_score": 70.0,
        "avg_decay_rate": -0.2,
        "days_to_half": -1
      }
    },
    "881102.TI": {
      "avg_score": 56.13636363636363,
      "avg_change": 0.32558139534883723,
      "volatility": 13.85592692545162,
      "peak_to_decay": {
        "peak_score": 70.0,
        "avg_decay_rate": -0.20267857142857143,
        "days_to_half": -1
      }
    },
    "881103.TI": {
      "avg_score": 51.31818181818182,
      "avg_change": -0.13953488372093023,
      "volatility": 12.515859263824014,
      "peak_to_decay": {
        "peak_score": 68.0,
        "avg_decay_rate": -0.24117647058823527,
        "days_to_half": -1
      }
    },
    "881104.TI": {
      "avg_score": 57.40909090909091,
      "avg_change": 0.046511627906976744,
      "volatility": 13.679935756553576,
      "peak_to_decay": {
        "peak_score": 70.0,
        "avg_decay_rate": -0.18285714285714286,
        "days_to_half": -1
      }
    },
    "881105.TI": {
      "avg_score": 48.31818181818182,
      "avg_change": 0.27906976744186046,
      "volatility": 10.015049583585858,
      "peak_to_decay": {
        "peak_score": 64.0,
        "avg_decay_rate": -0.2875,
        "days_to_half": -1
      }
    }
  },
  "market_context": {}
}