{
  "concept_sequences": {
    "881101.TI": {
      "881103.TI": 0.25,
      "881102.TI": 0.25,
      "881104.TI": 0.25,
      "881105.TI": 0.25
    },
    "881105.TI": {
      "881103.TI": 0.25,
      "881102.TI": 0.25,
      "881101.TI": 0.25,
      "881104.TI": 0.25
    },
    "881102.TI": {
      "881103.TI": 0.25,
      "881101.TI": 0.25,
      "881104.TI": 0.25,
      "881105.TI": 0.25
    },
    "881103.TI": {
      "881102.TI": 0.25,
      "881101.TI": 0.25,
      "881104.TI": 0.25,
      "881105.TI": 0.25
    },
    "881104.TI": {
      "881103.TI": 0.25,
      "881102.TI": 0.25,
      "881101.TI": 0.25,
      "881105.TI": 0.25
    }
  },
  "duration_patterns": {
    "by_concept": {
      "881101.TI": {
        "mean": 44.0,
        "std": NaN,
        "max": 44,
        "min": 44
      },
      "881102.TI": {
        "mean": 44.0,
        "std": NaN,
        "max": 44,
        "min": 44
      },
      "881103.TI": {
        "mean": 44.0,
        "std": NaN,
        "max": 44,
        "min": 44
      },
      "881104.TI": {
        "mean": 44.0,
        "std": NaN,
        "max": 44,
        "min": 44
      },
      "881105.TI": {
        "mean": 44.0,
        "std": NaN,
        "max": 44,
        "min": 44
      }
    },
    "distribution": {
      "avg": 44.0,
      "std": 0.0,
      "median": 44.0,
      "quartiles": {
        "0.25": 44.0,
        "0.5": 44.0,
        "0.75": 44.0
      }
    }
  },
  "intensity_patterns": {
    "881101.TI": {
      "avg_score": 56.5,
      "avg_change": -0.5116279069767442,
      "volatility": 14.203239223137759,
      "peak_to_decay": {
        "peak_score": 70.0,
        "avg_decay_rate": -0.19464285714285715,
        "days_to_half": -1
      }
    },
    "881102.TI": {
      "avg_score": 54.63636363636363,
      "avg_change": -0.09302325581395349,
      "volatility": 10.997432500119489,
      "peak_to_decay": {
        "peak_score": 68.0,
        "avg_decay_rate": -0.20409982174688057,
        "days_to_half": -1
      }
    },
    "881103.TI": {
      "avg_score": 53.13636363636363,
      "avg_change": 0.46511627906976744,
      "volatility": 11.693198750126793,
      "peak_to_decay": {
        "peak_score": 66.0,
        "avg_decay_rate": -0.1984848484848485,
        "days_to_half": -1
      }
    },
    "881104.TI": {
      "avg_score": 49.68181818181818,
      "avg_change": 0.27906976744186046,
      "volatility": 13.89471564745346,
      "peak_to_decay": {
        "peak_score": 66.0,
        "avg_decay_rate": -0.2505827505827506,
        "days_to_half": -1
      }
    },
    "881105.TI": {
      "avg_score": 56.86363636363637,
      "avg_change": -0.13953488372093023,
      "volatility": 11.121796264968552,
      "peak_to_decay": {
        "peak_score": 70.0,
        "avg_decay_rate": -0.18412698412698414,
        "days_to_half": -1
      }
    }
  },
  "market_context": {}
}