{
  "concept_sequences": {
    "881105.TI": {
      "881101.TI": 0.25,
      "881104.TI": 0.25,
      "881102.TI": 0.25,
      "881103.TI": 0.25
    },
    "881104.TI": {
      "881101.TI": 0.25,
      "881105.TI": 0.25,
      "881102.TI": 0.25,
      "881103.TI": 0.25
    },
    "881103.TI": {
      "881101.TI": 0.25,
      "881104.TI": 0.25,
      "881105.TI": 0.25,
      "881102.TI": 0.25
    },
    "881102.TI": {
      "881101.TI": 0.25,
      "881104.TI": 0.25,
      "881105.TI": 0.25,
      "881103.TI": 0.25
    },
    "881101.TI": {
      "881104.TI": 0.25,
      "881105.TI": 0.25,
      "881102.TI": 0.25,
      "881103.TI": 0.25
    }
  },
  "duration_patterns": {
    "by_concept": {
      "881101.TI": {
        "mean": 44.0,
        "std": NaN,
        "max": 44,
        "min": 44
      },
      "881102.TI": {
        "mean": 44.0,
        "std": NaN,
        "max": 44,
        "min": 44
      },
      "881103.TI": {
        "mean": 44.0,
        "std": NaN,
        "max": 44,
        "min": 44
      },
      "881104.TI": {
        "mean": 44.0,
        "std": NaN,
        "max": 44,
        "min": 44
      },
      "881105.TI": {
        "mean": 44.0,
        "std": NaN,
        "max": 44,
        "min": 44
      }
    },
    "distribution": {
      "avg": 44.0,
      "std": 0.0,
      "median": 44.0,
      "quartiles": {
        "0.25": 44.0,
        "0.5": 44.0,
        "0.75": 44.0
      }
    }
  },
  "intensity_patterns": {
    "881101.TI": {
      "avg_score": 52.77272727272727,
      "avg_change": -0.046511627906976744,
      "volatility": 12.04347973835614,
      "peak_to_decay": {
        "peak_score": 66.0,
        "avg_decay_rate": -0.1907308377896613,
        "days_to_half": -1
      }
    },
    "881102.TI": {
      "avg_score": 55.90909090909091,
      "avg_change": 0.46511627906976744,
      "volatility": 14.241704080102384,
      "peak_to_decay": {
        "peak_score": 70.0,
        "avg_decay_rate": -0.20278745644599305,
        "days_to_half": -1
      }
    },
    "881103.TI": {
      "avg_score": 56.27272727272727,
      "avg_change": 0.0,
      "volatility": 10.910894511799619,
      "peak_to_decay": {
        "peak_score": 70.0,
        "avg_decay_rate": -0.19682539682539682,
        "days_to_half": -1
      }
    },
    "881104.TI": {
      "avg_score": 52.04545454545455,
      "avg_change": -0.23255813953488372,
      "volatility": 11.06008957447221,
      "peak_to_decay": {
        "peak_score": 68.0,
        "avg_decay_rate": -0.21617647058823533,
        "days_to_half": -1
      }
    },
    "881105.TI": {
      "avg_score": 53.40909090909091,
      "avg_change": -0.18604651162790697,
      "volatility": 12.140557400621487,
      "peak_to_decay": {
        "peak_score": 70.0,
        "avg_decay_rate": -0.2425249169435216,
        "days_to_half": -1
      }
    }
  },
  "market_context": {}
}