{
  "concept_sequences": {
    "881105.TI": {
      "881104.TI": 0.25,
      "881102.TI": 0.25,
      "881103.TI": 0.25,
      "881101.TI": 0.25
    },
    "881101.TI": {
      "881104.TI": 0.25,
      "881105.TI": 0.25,
      "881102.TI": 0.25,
      "881103.TI": 0.25
    },
    "881102.TI": {
      "881104.TI": 0.25,
      "881105.TI": 0.25,
      "881103.TI": 0.25,
      "881101.TI": 0.25
    },
    "881104.TI": {
      "881105.TI": 0.25,
      "881102.TI": 0.25,
      "881103.TI": 0.25,
      "881101.TI": 0.25
    },
    "881103.TI": {
      "881104.TI": 0.25,
      "881105.TI": 0.25,
      "881102.TI": 0.25,
      "881101.TI": 0.25
    }
  },
  "duration_patterns": {
    "by_concept": {
      "881101.TI": {
        "mean": 44.0,
        "std": NaN,
        "max": 44,
        "min": 44
      },
      "881102.TI": {
        "mean": 44.0,
        "std": NaN,
        "max": 44,
        "min": 44
      },
      "881103.TI": {
        "mean": 44.0,
        "std": NaN,
        "max": 44,
        "min": 44
      },
      "881104.TI": {
        "mean": 44.0,
        "std": NaN,
        "max": 44,
        "min": 44
      },
      "881105.TI": {
        "mean": 44.0,
        "std": NaN,
        "max": 44,
        "min": 44
      }
    },
    "distribution": {
      "avg": 44.0,
      "std": 0.0,
      "median": 44.0,
      "quartiles": {
        "0.25": 44.0,
        "0.5": 44.0,
        "0.75": 44.0
      }
    }
  },
  "intensity_patterns": {
    "881101.TI": {
      "avg_score": 55.18181818181818,
      "avg_change": -0.27906976744186046,
      "volatility": 14.52473355447011,
      "peak_to_decay": {
        "peak_score": 70.0,
        "avg_decay_rate": -0.18857142857142856,
        "days_to_half": -1
      }
    },
    "881102.TI": {
      "avg_score": 53.54545454545455,
      "avg_change": -0.046511627906976744,
      "volatility": 12.780106356909132,
      "peak_to_decay": {
        "peak_score": 70.0,
        "avg_decay_rate": -0.2357142857142857,
        "days_to_half": -1
      }
    },
    "881103.TI": {
      "avg_score": 53.36363636363637,
      "avg_change": 0.046511627906976744,
      "volatility": 11.706639321692409,
      "peak_to_decay": {
        "peak_score": 68.0,
        "avg_decay_rate": -0.23214285714285715,
        "days_to_half": -1
      }
    },
    "881104.TI": {
      "avg_score": 54.13636363636363,
      "avg_change": 0.4186046511627907,
      "volatility": 13.334938995235206,
      "peak_to_decay": {
        "peak_score": 68.0,
        "avg_decay_rate": -0.19457013574660634,
        "days_to_half": -1
      }
    },
    "881105.TI": {
      "avg_score": 54.18181818181818,
      "avg_change": -0.13953488372093023,
      "volatility": 13.269337004553801,
      "peak_to_decay": {
        "peak_score": 70.0,
        "avg_decay_rate": -0.2394957983193277,
        "days_to_half": -1
      }
    }
  },
  "market_context": {}
}