{
  "concept_sequences": {
    "881101.TI": {
      "881103.TI": 0.25,
      "881104.TI": 0.25,
      "881102.TI": 0.25,
      "881105.TI": 0.25
    },
    "881104.TI": {
      "881103.TI": 0.25,
      "881101.TI": 0.25,
      "881102.TI": 0.25,
      "881105.TI": 0.25
    },
    "881105.TI": {
      "881103.TI": 0.25,
      "881101.TI": 0.25,
      "881104.TI": 0.25,
      "881102.TI": 0.25
    },
    "881102.TI": {
      "881103.TI": 0.25,
      "881101.TI": 0.25,
      "881104.TI": 0.25,
      "881105.TI": 0.25
    },
    "881103.TI": {
      "881101.TI": 0.25,
      "881104.TI": 0.25,
      "881102.TI": 0.25,
      "881105.TI": 0.25
    }
  },
  "duration_patterns": {
    "by_concept": {
      "881101.TI": {
        "mean": 44.0,
        "std": NaN,
        "max": 44,
        "min": 44
      },
      "881102.TI": {
        "mean": 44.0,
        "std": NaN,
        "max": 44,
        "min": 44
      },
      "881103.TI": {
        "mean": 44.0,
        "std": NaN,
        "max": 44,
        "min": 44
      },
      "881104.TI": {
        "mean": 44.0,
        "std": NaN,
        "max": 44,
        "min": 44
      },
      "881105.TI": {
        "mean": 44.0,
        "std": NaN,
        "max": 44,
        "min": 44
      }
    },
    "distribution": {
      "avg": 44.0,
      "std": 0.0,
      "median": 44.0,
      "quartiles": {
        "0.25": 44.0,
        "0.5": 44.0,
        "0.75": 44.0
      }
    }
  },
  "intensity_patterns": {
    "881101.TI": {
      "avg_score": 54.40909090909091,
      "avg_change": -0.4186046511627907,
      "volatility": 13.14069027348972,
      "peak_to_decay": {
        "peak_score": 70.0,
        "avg_decay_rate": -0.22790697674418606,
        "days_to_half": -1
      }
    },
    "881102.TI": {
      "avg_score": 51.36363636363637,
      "avg_change": 0.18604651162790697,
      "volatility": 13.407985918054118,
      "peak_to_decay": {
        "peak_score": 68.0,
        "avg_decay_rate": -0.24019607843137253,
        "days_to_half": -1
      }
    },
    "881103.TI": {
      "avg_score": 54.81818181818182,
      "avg_change": 0.32558139534883723,
      "volatility": 13.43010287914458,
      "peak_to_decay": {
        "peak_score": 70.0,
        "avg_decay_rate": -0.2183673469387755,
        "days_to_half": -1
      }
    },
    "881104.TI": {
      "avg_score": 52.81818181818182,
      "avg_change": 0.13953488372093023,
      "volatility": 14.265478469683105,
      "peak_to_decay": {
        "peak_score": 68.0,
        "avg_decay_rate": -0.22171945701357465,
        "days_to_half": -1
      }
    },
    "881105.TI": {
      "avg_score": 57.0,
      "avg_change": -0.23255813953488372,
      "volatility": 10.710113621073365,
      "peak_to_decay": {
        "peak_score": 70.0,
        "avg_decay_rate": -0.1842857142857143,
        "days_to_half": -1
      }
    }
  },
  "market_context": {}
}