{
  "concept_sequences": {
    "881101.TI": {
      "881102.TI": 0.25,
      "881103.TI": 0.25,
      "881104.TI": 0.25,
      "881105.TI": 0.25
    },
    "881103.TI": {
      "881102.TI": 0.25,
      "881104.TI": 0.25,
      "881105.TI": 0.25,
      "881101.TI": 0.25
    },
    "881105.TI": {
      "881102.TI": 0.25,
      "881103.TI": 0.25,
      "881104.TI": 0.25,
      "881101.TI": 0.25
    },
    "881102.TI": {
      "881103.TI": 0.25,
      "881104.TI": 0.25,
      "881105.TI": 0.25,
      "881101.TI": 0.25
    },
    "881104.TI": {
      "881102.TI": 0.25,
      "881103.TI": 0.25,
      "881105.TI": 0.25,
      "881101.TI": 0.25
    }
  },
  "duration_patterns": {
    "by_concept": {
      "881101.TI": {
        "mean": 44.0,
        "std": NaN,
        "max": 44,
        "min": 44
      },
      "881102.TI": {
        "mean": 44.0,
        "std": NaN,
        "max": 44,
        "min": 44
      },
      "881103.TI": {
        "mean": 44.0,
        "std": NaN,
        "max": 44,
        "min": 44
      },
      "881104.TI": {
        "mean": 44.0,
        "std": NaN,
        "max": 44,
        "min": 44
      },
      "881105.TI": {
        "mean": 44.0,
        "std": NaN,
        "max": 44,
        "min": 44
      }
    },
    "distribution": {
      "avg": 44.0,
      "std": 0.0,
      "median": 44.0,
      "quartiles": {
        "0.25": 44.0,
        "0.5": 44.0,
        "0.75": 44.0
      }
    }
  },
  "intensity_patterns": {
    "881101.TI": {
      "avg_score": 55.5,
      "avg_change": -0.09302325581395349,
      "volatility": 13.309169688044426,
      "peak_to_decay": {
        "peak_score": 70.0,
        "avg_decay_rate": -0.2040816326530612,
        "days_to_half": -1
      }
    },
    "881102.TI": {
      "avg_score": 50.0,
      "avg_change": 0.27906976744186046,
      "volatility": 13.659682735971488,
      "peak_to_decay": {
        "peak_score": 64.0,
        "avg_decay_rate": -0.22395833333333334,
        "days_to_half": -1
      }
    },
    "881103.TI": {
      "avg_score": 55.81818181818182,
      "avg_change": -0.23255813953488372,
      "volatility": 12.620537324049629,
      "peak_to_decay": {
        "peak_score": 70.0,
        "avg_decay_rate": -0.20163265306122446,
        "days_to_half": -1
      }
    },
    "881104.TI": {
      "avg_score": 54.90909090909091,
      "avg_change": 0.18604651162790697,
      "volatility": 13.971494472936994,
      "peak_to_decay": {
        "peak_score": 70.0,
        "avg_decay_rate": -0.236734693877551,
        "days_to_half": -1
      }
    },
    "881105.TI": {
      "avg_score": 54.31818181818182,
      "avg_change": -0.13953488372093023,
      "volatility": 10.368407590801601,
      "peak_to_decay": {
        "peak_score": 70.0,
        "avg_decay_rate": -0.21576354679802953,
        "days_to_half": -1
      }
    }
  },
  "market_context": {}
}