{
  "concept_sequences": {
    "881101.TI": {
      "881104.TI": 0.25,
      "881102.TI": 0.25,
      "881103.TI": 0.25,
      "881105.TI": 0.25
    },
    "881102.TI": {
      "881104.TI": 0.25,
      "881103.TI": 0.25,
      "881105.TI": 0.25,
      "881101.TI": 0.25
    },
    "881103.TI": {
      "881104.TI": 0.25,
      "881102.TI": 0.25,
      "881105.TI": 0.25,
      "881101.TI": 0.25
    },
    "881104.TI": {
      "881102.TI": 0.25,
      "881103.TI": 0.25,
      "881105.TI": 0.25,
      "881101.TI": 0.25
    },
    "881105.TI": {
      "881104.TI": 0.25,
      "881102.TI": 0.25,
      "881103.TI": 0.25,
      "881101.TI": 0.25
    }
  },
  "duration_patterns": {
    "by_concept": {
      "881101.TI": {
        "mean": 44.0,
        "std": NaN,
        "max": 44,
        "min": 44
      },
      "881102.TI": {
        "mean": 44.0,
        "std": NaN,
        "max": 44,
        "min": 44
      },
      "881103.TI": {
        "mean": 44.0,
        "std": NaN,
        "max": 44,
        "min": 44
      },
      "881104.TI": {
        "mean": 44.0,
        "std": NaN,
        "max": 44,
        "min": 44
      },
      "881105.TI": {
        "mean": 44.0,
        "std": NaN,
        "max": 44,
        "min": 44
      }
    },
    "distribution": {
      "avg": 44.0,
      "std": 0.0,
      "median": 44.0,
      "quartiles": {
        "0.25": 44.0,
        "0.5": 44.0,
        "0.75": 44.0
      }
    }
  },
  "intensity_patterns": {
    "881101.TI": {
      "avg_score": 53.86363636363637,
      "avg_change": -0.046511627906976744,
      "volatility": 13.262825757180773,
      "peak_to_decay": {
        "peak_score": 70.0,
        "avg_decay_rate": -0.2571428571428571,
        "days_to_half": -1
      }
    },
    "881102.TI": {
      "avg_score": 59.40909090909091,
      "avg_change": 0.32558139534883723,
      "volatility": 12.180626557957007,
      "peak_to_decay": {
        "peak_score": 70.0,
        "avg_decay_rate": -0.15714285714285714,
        "days_to_half": -1
      }
    },
    "881103.TI": {
      "avg_score": 52.86363636363637,
      "avg_change": -0.27906976744186046,
      "volatility": 11.91702579824215,
      "peak_to_decay": {
        "peak_score": 66.0,
        "avg_decay_rate": -0.18787878787878787,
        "days_to_half": -1
      }
    },
    "881104.TI": {
      "avg_score": 54.36363636363637,
      "avg_change": -0.23255813953488372,
      "volatility": 12.28401440762658,
      "peak_to_decay": {
        "peak_score": 70.0,
        "avg_decay_rate": -0.16825396825396824,
        "days_to_half": -1
      }
    },
    "881105.TI": {
      "avg_score": 50.31818181818182,
      "avg_change": 0.23255813953488372,
      "volatility": 10.265144930441453,
      "peak_to_decay": {
        "peak_score": 68.0,
        "avg_decay_rate": -0.2867647058823529,
        "days_to_half": -1
      }
    }
  },
  "market_context": {}
}