{
  "concept_sequences": {
    "881103.TI": {
      "881105.TI": 0.25,
      "881102.TI": 0.25,
      "881101.TI": 0.25,
      "881104.TI": 0.25
    },
    "881105.TI": {
      "881102.TI": 0.25,
      "881101.TI": 0.25,
      "881103.TI": 0.25,
      "881104.TI": 0.25
    },
    "881102.TI": {
      "881105.TI": 0.25,
      "881101.TI": 0.25,
      "881103.TI": 0.25,
      "881104.TI": 0.25
    },
    "881104.TI": {
      "881105.TI": 0.25,
      "881102.TI": 0.25,
      "881101.TI": 0.25,
      "881103.TI": 0.25
    },
    "881101.TI": {
      "881105.TI": 0.25,
      "881102.TI": 0.25,
      "881103.TI": 0.25,
      "881104.TI": 0.25
    }
  },
  "duration_patterns": {
    "by_concept": {
      "881101.TI": {
        "mean": 44.0,
        "std": NaN,
        "max": 44,
        "min": 44
      },
      "881102.TI": {
        "mean": 44.0,
        "std": NaN,
        "max": 44,
        "min": 44
      },
      "881103.TI": {
        "mean": 44.0,
        "std": NaN,
        "max": 44,
        "min": 44
      },
      "881104.TI": {
        "mean": 44.0,
        "std": NaN,
        "max": 44,
        "min": 44
      },
      "881105.TI": {
        "mean": 44.0,
        "std": NaN,
        "max": 44,
        "min": 44
      }
    },
    "distribution": {
      "avg": 44.0,
      "std": 0.0,
      "median": 44.0,
      "quartiles": {
        "0.25": 44.0,
        "0.5": 44.0,
        "0.75": 44.0
      }
    }
  },
  "intensity_patterns": {
    "881101.TI": {
      "avg_score": 55.59090909090909,
      "avg_change": 0.6046511627906976,
      "volatility": 15.702804624961141,
      "peak_to_decay": {
        "peak_score": 70.0,
        "avg_decay_rate": -0.2205357142857143,
        "days_to_half": -1
      }
    },
    "881102.TI": {
      "avg_score": 54.68181818181818,
      "avg_change": -0.23255813953488372,
      "volatility": 14.801604175130937,
      "peak_to_decay": {
        "peak_score": 70.0,
        "avg_decay_rate": -0.2147465437788018,
        "days_to_half": -1
      }
    },
    "881103.TI": {
      "avg_score": 51.59090909090909,
      "avg_change": -0.5116279069767442,
      "volatility": 12.429557883995054,
      "peak_to_decay": {
        "peak_score": 66.0,
        "avg_decay_rate": -0.2233967582804792,
        "days_to_half": -1
      }
    },
    "881104.TI": {
      "avg_score": 56.77272727272727,
      "avg_change": 0.23255813953488372,
      "volatility": 9.250063601589131,
      "peak_to_decay": {
        "peak_score": 70.0,
        "avg_decay_rate": -0.17795918367346938,
        "days_to_half": -1
      }
    },
    "881105.TI": {
      "avg_score": 51.90909090909091,
      "avg_change": -0.09302325581395349,
      "volatility": 13.237418021668676,
      "peak_to_decay": {
        "peak_score": 70.0,
        "avg_decay_rate": -0.24603174603174605,
        "days_to_half": -1
      }
    }
  },
  "market_context": {}
}