{
  "concept_sequences": {
    "881102.TI": {
      "881101.TI": 0.25,
      "881103.TI": 0.25,
      "881104.TI": 0.25,
      "881105.TI": 0.25
    },
    "881103.TI": {
      "881101.TI": 0.25,
      "881104.TI": 0.25,
      "881105.TI": 0.25,
      "881102.TI": 0.25
    },
    "881105.TI": {
      "881101.TI": 0.25,
      "881103.TI": 0.25,
      "881104.TI": 0.25,
      "881102.TI": 0.25
    },
    "881104.TI": {
      "881101.TI": 0.25,
      "881103.TI": 0.25,
      "881105.TI": 0.25,
      "881102.TI": 0.25
    },
    "881101.TI": {
      "881103.TI": 0.25,
      "881104.TI": 0.25,
      "881105.TI": 0.25,
      "881102.TI": 0.25
    }
  },
  "duration_patterns": {
    "by_concept": {
      "881101.TI": {
        "mean": 44.0,
        "std": NaN,
        "max": 44,
        "min": 44
      },
      "881102.TI": {
        "mean": 44.0,
        "std": NaN,
        "max": 44,
        "min": 44
      },
      "881103.TI": {
        "mean": 44.0,
        "std": NaN,
        "max": 44,
        "min": 44
      },
      "881104.TI": {
        "mean": 44.0,
        "std": NaN,
        "max": 44,
        "min": 44
      },
      "881105.TI": {
        "mean": 44.0,
        "std": NaN,
        "max": 44,
        "min": 44
      }
    },
    "distribution": {
      "avg": 44.0,
      "std": 0.0,
      "median": 44.0,
      "quartiles": {
        "0.25": 44.0,
        "0.5": 44.0,
        "0.75": 44.0
      }
    }
  },
  "intensity_patterns": {
    "881101.TI": {
      "avg_score": 51.13636363636363,
      "avg_change": 0.4186046511627907,
      "volatility": 11.460558779154447,
      "peak_to_decay": {
        "peak_score": 66.0,
        "avg_decay_rate": -0.227994227994228,
        "days_to_half": -1
      }
    },
    "881102.TI": {
      "avg_score": 57.59090909090909,
      "avg_change": -0.37209302325581395,
      "volatility": 11.324274928568597,
      "peak_to_decay": {
        "peak_score": 70.0,
        "avg_decay_rate": -0.20119047619047617,
        "days_to_half": -1
      }
    },
    "881103.TI": {
      "avg_score": 54.22727272727273,
      "avg_change": -0.4186046511627907,
      "volatility": 13.413270894971241,
      "peak_to_decay": {
        "peak_score": 70.0,
        "avg_decay_rate": -0.24375,
        "days_to_half": -1
      }
    },
    "881104.TI": {
      "avg_score": 53.31818181818182,
      "avg_change": 0.046511627906976744,
      "volatility": 13.270004644151937,
      "peak_to_decay": {
        "peak_score": 70.0,
        "avg_decay_rate": -0.18571428571428572,
        "days_to_half": -1
      }
    },
    "881105.TI": {
      "avg_score": 54.13636363636363,
      "avg_change": 0.18604651162790697,
      "volatility": 12.4809489374301,
      "peak_to_decay": {
        "peak_score": 70.0,
        "avg_decay_rate": -0.22499999999999998,
        "days_to_half": -1
      }
    }
  },
  "market_context": {}
}