{
  "concept_sequences": {
    "881102.TI": {
      "881104.TI": 0.25,
      "881103.TI": 0.25,
      "881105.TI": 0.25,
      "881101.TI": 0.25
    },
    "881105.TI": {
      "881104.TI": 0.25,
      "881103.TI": 0.25,
      "881101.TI": 0.25,
      "881102.TI": 0.25
    },
    "881104.TI": {
      "881103.TI": 0.25,
      "881105.TI": 0.25,
      "881101.TI": 0.25,
      "881102.TI": 0.25
    },
    "881101.TI": {
      "881104.TI": 0.25,
      "881103.TI": 0.25,
      "881105.TI": 0.25,
      "881102.TI": 0.25
    },
    "881103.TI": {
      "881104.TI": 0.25,
      "881105.TI": 0.25,
      "881101.TI": 0.25,
      "881102.TI": 0.25
    }
  },
  "duration_patterns": {
    "by_concept": {
      "881101.TI": {
        "mean": 44.0,
        "std": NaN,
        "max": 44,
        "min": 44
      },
      "881102.TI": {
        "mean": 44.0,
        "std": NaN,
        "max": 44,
        "min": 44
      },
      "881103.TI": {
        "mean": 44.0,
        "std": NaN,
        "max": 44,
        "min": 44
      },
      "881104.TI": {
        "mean": 44.0,
        "std": NaN,
        "max": 44,
        "min": 44
      },
      "881105.TI": {
        "mean": 44.0,
        "std": NaN,
        "max": 44,
        "min": 44
      }
    },
    "distribution": {
      "avg": 44.0,
      "std": 0.0,
      "median": 44.0,
      "quartiles": {
        "0.25": 44.0,
        "0.5": 44.0,
        "0.75": 44.0
      }
    }
  },
  "intensity_patterns": {
    "881101.TI": {
      "avg_score": 55.72727272727273,
      "avg_change": 0.046511627906976744,
      "volatility": 9.406060580113566,
      "peak_to_decay": {
        "peak_score": 70.0,
        "avg_decay_rate": -0.2350649350649351,
        "days_to_half": -1
      }
    },
    "881102.TI": {
      "avg_score": 57.36363636363637,
      "avg_change": 0.0,
      "volatility": 14.101671633432076,
      "peak_to_decay": {
        "peak_score": 70.0,
        "avg_decay_rate": -0.1739495798319328,
        "days_to_half": -1
      }
    },
    "881103.TI": {
      "avg_score": 52.31818181818182,
      "avg_change": 0.13953488372093023,
      "volatility": 12.853721705532525,
      "peak_to_decay": {
        "peak_score": 68.0,
        "avg_decay_rate": -0.21323529411764705,
        "days_to_half": -1
      }
    },
    "881104.TI": {
      "avg_score": 50.27272727272727,
      "avg_change": -0.18604651162790697,
      "volatility": 10.688792113935419,
      "peak_to_decay": {
        "peak_score": 70.0,
        "avg_decay_rate": -0.2891156462585034,
        "days_to_half": -1
      }
    },
    "881105.TI": {
      "avg_score": 55.0,
      "avg_change": 0.0,
      "volatility": 12.858201014657274,
      "peak_to_decay": {
        "peak_score": 68.0,
        "avg_decay_rate": -0.1764705882352941,
        "days_to_half": -1
      }
    }
  },
  "market_context": {}
}