{
  "concept_sequences": {
    "881105.TI": {
      "881102.TI": 0.25,
      "881104.TI": 0.25,
      "881101.TI": 0.25,
      "881103.TI": 0.25
    },
    "881104.TI": {
      "881105.TI": 0.25,
      "881102.TI": 0.25,
      "881101.TI": 0.25,
      "881103.TI": 0.25
    },
    "881102.TI": {
      "881105.TI": 0.25,
      "881104.TI": 0.25,
      "881101.TI": 0.25,
      "881103.TI": 0.25
    },
    "881103.TI": {
      "881105.TI": 0.25,
      "881102.TI": 0.25,
      "881104.TI": 0.25,
      "881101.TI": 0.25
    },
    "881101.TI": {
      "881105.TI": 0.25,
      "881102.TI": 0.25,
      "881104.TI": 0.25,
      "881103.TI": 0.25
    }
  },
  "duration_patterns": {
    "by_concept": {
      "881101.TI": {
        "mean": 44.0,
        "std": NaN,
        "max": 44,
        "min": 44
      },
      "881102.TI": {
        "mean": 44.0,
        "std": NaN,
        "max": 44,
        "min": 44
      },
      "881103.TI": {
        "mean": 44.0,
        "std": NaN,
        "max": 44,
        "min": 44
      },
      "881104.TI": {
        "mean": 44.0,
        "std": NaN,
        "max": 44,
        "min": 44
      },
      "881105.TI": {
        "mean": 44.0,
        "std": NaN,
        "max": 44,
        "min": 44
      }
    },
    "distribution": {
      "avg": 44.0,
      "std": 0.0,
      "median": 44.0,
      "quartiles": {
        "0.25": 44.0,
        "0.5": 44.0,
        "0.75": 44.0
      }
    }
  },
  "intensity_patterns": {
    "881101.TI": {
      "avg_score": 52.27272727272727,
      "avg_change": 0.37209302325581395,
      "volatility": 12.575530388916773,
      "peak_to_decay": {
        "peak_score": 66.0,
        "avg_decay_rate": -0.20833333333333331,
        "days_to_half": -1
      }
    },
    "881102.TI": {
      "avg_score": 52.31818181818182,
      "avg_change": -0.18604651162790697,
      "volatility": 10.970210342111317,
      "peak_to_decay": {
        "peak_score": 66.0,
        "avg_decay_rate": -0.15629984051036683,
        "days_to_half": -1
      }
    },
    "881103.TI": {
      "avg_score": 52.27272727272727,
      "avg_change": 0.37209302325581395,
      "volatility": 12.15969778723365,
      "peak_to_decay": {
        "peak_score": 70.0,
        "avg_decay_rate": -0.2542857142857142,
        "days_to_half": -1
      }
    },
    "881104.TI": {
      "avg_score": 55.63636363636363,
      "avg_change": -0.37209302325581395,
      "volatility": 11.88240647386666,
      "peak_to_decay": {
        "peak_score": 70.0,
        "avg_decay_rate": -0.22051282051282056,
        "days_to_half": -1
      }
    },
    "881105.TI": {
      "avg_score": 57.77272727272727,
      "avg_change": -0.32558139534883723,
      "volatility": 12.63351726885679,
      "peak_to_decay": {
        "peak_score": 70.0,
        "avg_decay_rate": -0.1787375415282392,
        "days_to_half": -1
      }
    }
  },
  "market_context": {}
}