{
  "concept_sequences": {
    "881103.TI": {
      "881104.TI": 0.25,
      "881101.TI": 0.25,
      "881102.TI": 0.25,
      "881105.TI": 0.25
    },
    "881102.TI": {
      "881103.TI": 0.25,
      "881104.TI": 0.25,
      "881101.TI": 0.25,
      "881105.TI": 0.25
    },
    "881101.TI": {
      "881103.TI": 0.25,
      "881104.TI": 0.25,
      "881102.TI": 0.25,
      "881105.TI": 0.25
    },
    "881105.TI": {
      "881103.TI": 0.25,
      "881104.TI": 0.25,
      "881101.TI": 0.25,
      "881102.TI": 0.25
    },
    "881104.TI": {
      "881103.TI": 0.25,
      "881101.TI": 0.25,
      "881102.TI": 0.25,
      "881105.TI": 0.25
    }
  },
  "duration_patterns": {
    "by_concept": {
      "881101.TI": {
        "mean": 44.0,
        "std": NaN,
        "max": 44,
        "min": 44
      },
      "881102.TI": {
        "mean": 44.0,
        "std": NaN,
        "max": 44,
        "min": 44
      },
      "881103.TI": {
        "mean": 44.0,
        "std": NaN,
        "max": 44,
        "min": 44
      },
      "881104.TI": {
        "mean": 44.0,
        "std": NaN,
        "max": 44,
        "min": 44
      },
      "881105.TI": {
        "mean": 44.0,
        "std": NaN,
        "max": 44,
        "min": 44
      }
    },
    "distribution": {
      "avg": 44.0,
      "std": 0.0,
      "median": 44.0,
      "quartiles": {
        "0.25": 44.0,
        "0.5": 44.0,
        "0.75": 44.0
      }
    }
  },
  "intensity_patterns": {
    "881101.TI": {
      "avg_score": 50.90909090909091,
      "avg_change": -0.18604651162790697,
      "volatility": 11.878864411721807,
      "peak_to_decay": {
        "peak_score": 66.0,
        "avg_decay_rate": -0.2765151515151515,
        "days_to_half": -1
      }
    },
    "881102.TI": {
      "avg_score": 52.72727272727273,
      "avg_change": -0.5116279069767442,
      "volatility": 11.255415824484665,
      "peak_to_decay": {
        "peak_score": 70.0,
        "avg_decay_rate": -0.2532818532818533,
        "days_to_half": -1
      }
    },
    "881103.TI": {
      "avg_score": 58.13636363636363,
      "avg_change": 0.0,
      "volatility": 12.828539611796371,
      "peak_to_decay": {
        "peak_score": 70.0,
        "avg_decay_rate": -0.173421926910299,
        "days_to_half": -1
      }
    },
    "881104.TI": {
      "avg_score": 54.0,
      "avg_change": 0.4186046511627907,
      "volatility": 14.687592039248857,
      "peak_to_decay": {
        "peak_score": 70.0,
        "avg_decay_rate": -0.2157142857142857,
        "days_to_half": -1
      }
    },
    "881105.TI": {
      "avg_score": 55.04545454545455,
      "avg_change": 0.27906976744186046,
      "volatility": 11.427463955200103,
      "peak_to_decay": {
        "peak_score": 70.0,
        "avg_decay_rate": -0.2333333333333333,
        "days_to_half": -1
      }
    }
  },
  "market_context": {}
}