{
  "concept_sequences": {
    "881102.TI": {
      "881104.TI": 0.25,
      "881103.TI": 0.25,
      "881101.TI": 0.25,
      "881105.TI": 0.25
    },
    "881104.TI": {
      "881103.TI": 0.25,
      "881102.TI": 0.25,
      "881101.TI": 0.25,
      "881105.TI": 0.25
    },
    "881101.TI": {
      "881104.TI": 0.25,
      "881103.TI": 0.25,
      "881102.TI": 0.25,
      "881105.TI": 0.25
    },
    "881103.TI": {
      "881104.TI": 0.25,
      "881102.TI": 0.25,
      "881101.TI": 0.25,
      "881105.TI": 0.25
    },
    "881105.TI": {
      "881104.TI": 0.25,
      "881103.TI": 0.25,
      "881102.TI": 0.25,
      "881101.TI": 0.25
    }
  },
  "duration_patterns": {
    "by_concept": {
      "881101.TI": {
        "mean": 44.0,
        "std": NaN,
        "max": 44,
        "min": 44
      },
      "881102.TI": {
        "mean": 44.0,
        "std": NaN,
        "max": 44,
        "min": 44
      },
      "881103.TI": {
        "mean": 44.0,
        "std": NaN,
        "max": 44,
        "min": 44
      },
      "881104.TI": {
        "mean": 44.0,
        "std": NaN,
        "max": 44,
        "min": 44
      },
      "881105.TI": {
        "mean": 44.0,
        "std": NaN,
        "max": 44,
        "min": 44
      }
    },
    "distribution": {
      "avg": 44.0,
      "std": 0.0,
      "median": 44.0,
      "quartiles": {
        "0.25": 44.0,
        "0.5": 44.0,
        "0.75": 44.0
      }
    }
  },
  "intensity_patterns": {
    "881101.TI": {
      "avg_score": 54.40909090909091,
      "avg_change": -0.13953488372093023,
      "volatility": 14.272153031672145,
      "peak_to_decay": {
        "peak_score": 68.0,
        "avg_decay_rate": -0.1911764705882353,
        "days_to_half": -1
      }
    },
    "881102.TI": {
      "avg_score": 50.54545454545455,
      "avg_change": -0.23255813953488372,
      "volatility": 12.889340759126227,
      "peak_to_decay": {
        "peak_score": 70.0,
        "avg_decay_rate": -0.2971428571428571,
        "days_to_half": -1
      }
    },
    "881103.TI": {
      "avg_score": 52.86363636363637,
      "avg_change": 0.37209302325581395,
      "volatility": 11.000050337144467,
      "peak_to_decay": {
        "peak_score": 68.0,
        "avg_decay_rate": -0.11764705882352942,
        "days_to_half": -1
      }
    },
    "881104.TI": {
      "avg_score": 57.13636363636363,
      "avg_change": -0.27906976744186046,
      "volatility": 11.080496768551209,
      "peak_to_decay": {
        "peak_score": 70.0,
        "avg_decay_rate": -0.18843537414965986,
        "days_to_half": -1
      }
    },
    "881105.TI": {
      "avg_score": 55.45454545454545,
      "avg_change": 0.27906976744186046,
      "volatility": 9.909893040111239,
      "peak_to_decay": {
        "peak_score": 68.0,
        "avg_decay_rate": -0.17279411764705885,
        "days_to_half": -1
      }
    }
  },
  "market_context": {}
}