{
  "concept_sequences": {
    "881103.TI": {
      "881102.TI": 0.25,
      "881104.TI": 0.25,
      "881101.TI": 0.25,
      "881105.TI": 0.25
    },
    "881105.TI": {
      "881102.TI": 0.25,
      "881104.TI": 0.25,
      "881103.TI": 0.25,
      "881101.TI": 0.25
    },
    "881101.TI": {
      "881102.TI": 0.25,
      "881104.TI": 0.25,
      "881103.TI": 0.25,
      "881105.TI": 0.25
    },
    "881102.TI": {
      "881104.TI": 0.25,
      "881103.TI": 0.25,
      "881101.TI": 0.25,
      "881105.TI": 0.25
    },
    "881104.TI": {
      "881102.TI": 0.25,
      "881103.TI": 0.25,
      "881101.TI": 0.25,
      "881105.TI": 0.25
    }
  },
  "duration_patterns": {
    "by_concept": {
      "881101.TI": {
        "mean": 44.0,
        "std": NaN,
        "max": 44,
        "min": 44
      },
      "881102.TI": {
        "mean": 44.0,
        "std": NaN,
        "max": 44,
        "min": 44
      },
      "881103.TI": {
        "mean": 44.0,
        "std": NaN,
        "max": 44,
        "min": 44
      },
      "881104.TI": {
        "mean": 44.0,
        "std": NaN,
        "max": 44,
        "min": 44
      },
      "881105.TI": {
        "mean": 44.0,
        "std": NaN,
        "max": 44,
        "min": 44
      }
    },
    "distribution": {
      "avg": 44.0,
      "std": 0.0,
      "median": 44.0,
      "quartiles": {
        "0.25": 44.0,
        "0.5": 44.0,
        "0.75": 44.0
      }
    }
  },
  "intensity_patterns": {
    "881101.TI": {
      "avg_score": 53.45454545454545,
      "avg_change": 0.13953488372093023,
      "volatility": 12.238855757574175,
      "peak_to_decay": {
        "peak_score": 68.0,
        "avg_decay_rate": -0.21664275466284075,
        "days_to_half": -1
      }
    },
    "881102.TI": {
      "avg_score": 54.09090909090909,
      "avg_change": -0.27906976744186046,
      "volatility": 14.9512311666892,
      "peak_to_decay": {
        "peak_score": 70.0,
        "avg_decay_rate": -0.23657142857142857,
        "days_to_half": -1
      }
    },
    "881103.TI": {
      "avg_score": 57.59090909090909,
      "avg_change": -0.4186046511627907,
      "volatility": 12.501871399227996,
      "peak_to_decay": {
        "peak_score": 70.0,
        "avg_decay_rate": -0.16883116883116883,
        "days_to_half": -1
      }
    },
    "881104.TI": {
      "avg_score": 49.36363636363637,
      "avg_change": 0.27906976744186046,
      "volatility": 11.617567939476402,
      "peak_to_decay": {
        "peak_score": 66.0,
        "avg_decay_rate": -0.2685185185185185,
        "days_to_half": -1
      }
    },
    "881105.TI": {
      "avg_score": 56.04545454545455,
      "avg_change": 0.27906976744186046,
      "volatility": 12.788249035727233,
      "peak_to_decay": {
        "peak_score": 70.0,
        "avg_decay_rate": -0.19227799227799228,
        "days_to_half": -1
      }
    }
  },
  "market_context": {}
}