{
  "concept_sequences": {
    "881103.TI": {
      "881105.TI": 0.25,
      "881104.TI": 0.25,
      "881102.TI": 0.25,
      "881101.TI": 0.25
    },
    "881105.TI": {
      "881103.TI": 0.25,
      "881104.TI": 0.25,
      "881102.TI": 0.25,
      "881101.TI": 0.25
    },
    "881101.TI": {
      "881105.TI": 0.25,
      "881103.TI": 0.25,
      "881104.TI": 0.25,
      "881102.TI": 0.25
    },
    "881102.TI": {
      "881105.TI": 0.25,
      "881103.TI": 0.25,
      "881104.TI": 0.25,
      "881101.TI": 0.25
    },
    "881104.TI": {
      "881105.TI": 0.25,
      "881103.TI": 0.25,
      "881102.TI": 0.25,
      "881101.TI": 0.25
    }
  },
  "duration_patterns": {
    "by_concept": {
      "881101.TI": {
        "mean": 44.0,
        "std": NaN,
        "max": 44,
        "min": 44
      },
      "881102.TI": {
        "mean": 44.0,
        "std": NaN,
        "max": 44,
        "min": 44
      },
      "881103.TI": {
        "mean": 44.0,
        "std": NaN,
        "max": 44,
        "min": 44
      },
      "881104.TI": {
        "mean": 44.0,
        "std": NaN,
        "max": 44,
        "min": 44
      },
      "881105.TI": {
        "mean": 44.0,
        "std": NaN,
        "max": 44,
        "min": 44
      }
    },
    "distribution": {
      "avg": 44.0,
      "std": 0.0,
      "median": 44.0,
      "quartiles": {
        "0.25": 44.0,
        "0.5": 44.0,
        "0.75": 44.0
      }
    }
  },
  "intensity_patterns": {
    "881101.TI": {
      "avg_score": 50.95454545454545,
      "avg_change": -0.13953488372093023,
      "volatility": 11.533762850553229,
      "peak_to_decay": {
        "peak_score": 66.0,
        "avg_decay_rate": -0.204040404040404,
        "days_to_half": -1
      }
    },
    "881102.TI": {
      "avg_score": 54.68181818181818,
      "avg_change": -0.13953488372093023,
      "volatility": 13.383681242021565,
      "peak_to_decay": {
        "peak_score": 70.0,
        "avg_decay_rate": -0.21825396825396826,
        "days_to_half": -1
      }
    },
    "881103.TI": {
      "avg_score": 53.86363636363637,
      "avg_change": -0.27906976744186046,
      "volatility": 14.260043380344337,
      "peak_to_decay": {
        "peak_score": 70.0,
        "avg_decay_rate": -0.23443223443223438,
        "days_to_half": -1
      }
    },
    "881104.TI": {
      "avg_score": 52.31818181818182,
      "avg_change": 0.5581395348837209,
      "volatility": 10.431870410706834,
      "peak_to_decay": {
        "peak_score": 70.0,
        "avg_decay_rate": -0.25510204081632654,
        "days_to_half": -1
      }
    },
    "881105.TI": {
      "avg_score": 59.0,
      "avg_change": 0.0,
      "volatility": 11.032419757890183,
      "peak_to_decay": {
        "peak_score": 70.0,
        "avg_decay_rate": -0.16190476190476188,
        "days_to_half": -1
      }
    }
  },
  "market_context": {}
}