{
  "concept_sequences": {
    "881104.TI": {
      "881101.TI": 0.25,
      "881102.TI": 0.25,
      "881105.TI": 0.25,
      "881103.TI": 0.25
    },
    "881102.TI": {
      "881101.TI": 0.25,
      "881105.TI": 0.25,
      "881103.TI": 0.25,
      "881104.TI": 0.25
    },
    "881103.TI": {
      "881101.TI": 0.25,
      "881102.TI": 0.25,
      "881105.TI": 0.25,
      "881104.TI": 0.25
    },
    "881101.TI": {
      "881102.TI": 0.25,
      "881105.TI": 0.25,
      "881103.TI": 0.25,
      "881104.TI": 0.25
    },
    "881105.TI": {
      "881101.TI": 0.25,
      "881102.TI": 0.25,
      "881103.TI": 0.25,
      "881104.TI": 0.25
    }
  },
  "duration_patterns": {
    "by_concept": {
      "881101.TI": {
        "mean": 44.0,
        "std": NaN,
        "max": 44,
        "min": 44
      },
      "881102.TI": {
        "mean": 44.0,
        "std": NaN,
        "max": 44,
        "min": 44
      },
      "881103.TI": {
        "mean": 44.0,
        "std": NaN,
        "max": 44,
        "min": 44
      },
      "881104.TI": {
        "mean": 44.0,
        "std": NaN,
        "max": 44,
        "min": 44
      },
      "881105.TI": {
        "mean": 44.0,
        "std": NaN,
        "max": 44,
        "min": 44
      }
    },
    "distribution": {
      "avg": 44.0,
      "std": 0.0,
      "median": 44.0,
      "quartiles": {
        "0.25": 44.0,
        "0.5": 44.0,
        "0.75": 44.0
      }
    }
  },
  "intensity_patterns": {
    "881101.TI": {
      "avg_score": 52.31818181818182,
      "avg_change": 0.27906976744186046,
      "volatility": 16.73081784554272,
      "peak_to_decay": {
        "peak_score": 70.0,
        "avg_decay_rate": -0.25637065637065637,
        "days_to_half": -1
      }
    },
    "881102.TI": {
      "avg_score": 55.27272727272727,
      "avg_change": -0.046511627906976744,
      "volatility": 12.898788219888262,
      "peak_to_decay": {
        "peak_score": 70.0,
        "avg_decay_rate": -0.21881533101045297,
        "days_to_half": -1
      }
    },
    "881103.TI": {
      "avg_score": 53.86363636363637,
      "avg_change": -0.18604651162790697,
      "volatility": 13.315325602573415,
      "peak_to_decay": {
        "peak_score": 70.0,
        "avg_decay_rate": -0.2634920634920635,
        "days_to_half": -1
      }
    },
    "881104.TI": {
      "avg_score": 57.54545454545455,
      "avg_change": -0.046511627906976744,
      "volatility": 11.053879922952486,
      "peak_to_decay": {
        "peak_score": 70.0,
        "avg_decay_rate": -0.18205980066445182,
        "days_to_half": -1
      }
    },
    "881105.TI": {
      "avg_score": 51.40909090909091,
      "avg_change": 0.0,
      "volatility": 13.071233409940428,
      "peak_to_decay": {
        "peak_score": 66.0,
        "avg_decay_rate": -0.23083778966131907,
        "days_to_half": -1
      }
    }
  },
  "market_context": {}
}